timestamp,y_true_step_1,y_pred_step_1
2013-03-14 12:00:00,-10.538994,-15.971252
2013-03-14 12:30:00,-8.745995,-14.610878
2013-03-14 13:00:00,-7.857994,-13.814674
2013-03-14 13:30:00,-12.625,-12.949806
2013-03-14 14:00:00,-4.7990036,-14.942436
2013-03-14 14:30:00,4.0029984,-5.8566666
2013-03-14 15:00:00,9.421997,3.8190994
2013-03-14 15:30:00,18.714008,11.019711
2013-03-14 16:00:00,10.022995,25.191315
2013-03-14 16:30:00,28.685997,25.213802
2013-03-14 17:00:00,36.516003,45.390484
2013-03-14 17:30:00,51.885998,57.418556
2013-03-14 18:00:00,72.38699,75.37055
2013-03-14 18:30:00,81.866,90.092125
2013-03-14 19:00:00,102.565,94.71359
2013-03-14 19:30:00,106.912,103.87389
2013-03-14 20:00:00,103.120995,104.15325
2013-03-14 20:30:00,100.785995,101.731964
2013-03-14 21:00:00,96.52,99.263824
2013-03-14 21:30:00,93.647,95.235306
2013-03-14 22:00:00,90.131996,91.02334
2013-03-14 22:30:00,81.558,85.682556
2013-03-14 23:00:00,73.453,76.60998
2013-03-14 23:30:00,71.701004,67.50274
2013-03-15 00:00:00,64.327,63.430016
2013-03-15 00:30:00,56.121,56.739796
2013-03-15 01:00:00,54.997997,51.67005
2013-03-15 01:30:00,50.487,49.91784
2013-03-15 02:00:00,49.059,47.51153
2013-03-15 02:30:00,50.173,46.442986
2013-03-15 03:00:00,47.679,47.27598
2013-03-15 03:30:00,48.317,45.53536
2013-03-15 04:00:00,44.298,45.27277
2013-03-15 04:30:00,46.849003,43.23147
2013-03-15 05:00:00,43.994,44.856926
2013-03-15 05:30:00,44.892998,45.510468
2013-03-15 06:00:00,49.597,48.375492
2013-03-15 06:30:00,56.627,55.659767
2013-03-15 07:00:00,65.824,63.741756
2013-03-15 07:30:00,75.006996,71.164444
2013-03-15 08:00:00,71.475,73.091866
2013-03-15 08:30:00,60.286003,63.899487
2013-03-15 09:00:00,53.975006,51.000195
2013-03-15 09:30:00,42.645996,43.33467
2013-03-15 10:00:00,42.482994,35.343307
2013-03-15 10:30:00,36.495007,36.823727
2013-03-15 11:00:00,31.536,25.687721
2013-03-15 11:30:00,36.108994,22.38079
2013-03-15 12:00:00,40.899,29.780785
2013-03-15 12:30:00,42.994003,30.370514
2013-03-15 13:00:00,30.552998,36.260567
2013-03-15 13:30:00,11.952995,25.117428
2013-03-15 14:00:00,8.3849945,7.930191
2013-03-15 14:30:00,16.746002,6.7548866
2013-03-15 15:00:00,20.670006,17.413559
2013-03-15 15:30:00,21.382996,18.505688
2013-03-15 16:00:00,16.008,23.109829
2013-03-15 16:30:00,16.642002,25.732643
2013-03-15 17:00:00,34.426994,34.194416
2013-03-15 17:30:00,54.703003,56.23364
2013-03-15 18:00:00,65.588,76.728836
2013-03-15 18:30:00,83.55601,86.13681
2013-03-15 19:00:00,96.80801,95.48556
2013-03-15 19:30:00,96.322,99.5397
2013-03-15 20:00:00,94.311,97.45904
2013-03-15 20:30:00,99.189995,95.95119
2013-03-15 21:00:00,91.81401,97.264
2013-03-15 21:30:00,87.847,91.13488
2013-03-15 22:00:00,81.147,86.57604
2013-03-15 22:30:00,81.187,80.1441
2013-03-15 23:00:00,75.661,76.10083
2013-03-15 23:30:00,69.56999,69.29617
2013-03-16 00:00:00,67.259995,62.856068
2013-03-16 00:30:00,59.598,60.99736
2013-03-16 01:00:00,57.941998,55.986824
2013-03-16 01:30:00,53.366997,52.92591
2013-03-16 02:00:00,48.591,50.313095
2013-03-16 02:30:00,51.494,47.482246
2013-03-16 03:00:00,46.370003,49.324535
2013-03-16 03:30:00,47.185997,45.832497
2013-03-16 04:00:00,43.723003,45.164364
2013-03-16 04:30:00,45.197,42.987568
2013-03-16 05:00:00,46.418,43.713543
2013-03-16 05:30:00,44.095,45.209526
2013-03-16 06:00:00,45.511,45.193367
2013-03-16 06:30:00,45.435,48.129272
2013-03-16 07:00:00,52.406998,51.27376
2013-03-16 07:30:00,61.198997,58.20953
2013-03-16 08:00:00,53.041,57.557316
2013-03-16 08:30:00,45.590004,46.387505
2013-03-16 09:00:00,30.604996,31.940609
2013-03-16 09:30:00,12.209,13.151455
2013-03-16 10:00:00,-9.337997,-5.6055145
2013-03-16 10:30:00,-17.408997,-20.376244
2013-03-16 11:00:00,-19.480011,-26.077187
2013-03-16 11:30:00,-34.703995,-27.600693
2013-03-16 12:00:00,-48.567017,-40.456367
2013-03-16 12:30:00,-55.361008,-51.161568
2013-03-16 13:00:00,-62.00402,-55.327187
2013-03-16 13:30:00,-65.19099,-59.88835
2013-03-16 14:00:00,-66.17801,-60.07467
2013-03-16 14:30:00,-60.931015,-59.050385
2013-03-16 15:00:00,-46.041,-48.509857
2013-03-16 15:30:00,-28.722,-30.42926
2013-03-16 16:00:00,-15.017998,-10.726013
2013-03-16 16:30:00,2.116005,7.544388
2013-03-16 17:00:00,27.729012,29.838272
2013-03-16 17:30:00,52.761005,57.674843
2013-03-16 18:00:00,73.576,79.64389
2013-03-16 18:30:00,93.385,94.29106
2013-03-16 19:00:00,106.048,104.39513
2013-03-16 19:30:00,107.91,108.01811
2013-03-16 20:00:00,109.063995,106.525696
2013-03-16 20:30:00,106.01299,106.17928
2013-03-16 21:00:00,97.419,102.99603
2013-03-16 21:30:00,90.864006,95.48087
2013-03-16 22:00:00,96.01801,89.386284
2013-03-16 22:30:00,93.228,90.23594
2013-03-16 23:00:00,86.875,84.85316
2013-03-16 23:30:00,80.577,76.78733
2013-03-17 00:00:00,71.508,70.51367
2013-03-17 00:30:00,66.862,64.47196
2013-03-17 01:00:00,62.885998,61.273502
2013-03-17 01:30:00,55.107998,56.827614
2013-03-17 02:00:00,51.177002,52.818913
2013-03-17 02:30:00,50.463,49.521503
2013-03-17 03:00:00,52.266,48.844322
2013-03-17 03:30:00,50.849003,49.329903
2013-03-17 04:00:00,49.18,48.339115
2013-03-17 04:30:00,49.342,47.714134
2013-03-17 05:00:00,48.010002,47.872913
2013-03-17 05:30:00,45.848,48.002754
2013-03-17 06:00:00,47.927998,48.03837
2013-03-17 06:30:00,48.72,51.16721
2013-03-17 07:00:00,49.959,54.58556
2013-03-17 07:30:00,53.222,58.787544
2013-03-17 08:00:00,50.123,58.42167
2013-03-17 08:30:00,46.991,51.51695
2013-03-17 09:00:00,38.078003,40.84213
2013-03-17 09:30:00,19.915997,29.20121
2013-03-17 10:00:00,-0.48300934,7.6631927
2013-03-17 10:30:00,-24.89199,-11.483643
2013-03-17 11:00:00,-43.377007,-34.203125
2013-03-17 11:30:00,-48.963005,-50.164223
2013-03-17 12:00:00,-64.35799,-54.029457
2013-03-17 12:30:00,-76.933,-67.809746
2013-03-17 13:00:00,-78.431,-75.00461
2013-03-17 13:30:00,-81.80501,-76.95051
2013-03-17 14:00:00,-81.12999,-76.276085
2013-03-17 14:30:00,-75.157005,-75.017975
2013-03-17 15:00:00,-66.768005,-64.92134
2013-03-17 15:30:00,-56.29699,-52.89325
2013-03-17 16:00:00,-41.82099,-35.799713
2013-03-17 16:30:00,-24.908005,-14.736763
2013-03-17 17:00:00,2.4229965,7.301689
2013-03-17 17:30:00,31.713001,37.787827
2013-03-17 18:00:00,66.757996,65.7351
2013-03-17 18:30:00,84.393,92.27195
2013-03-17 19:00:00,94.37899,100.58066
2013-03-17 19:30:00,99.075,102.03933
2013-03-17 20:00:00,100.131004,100.563835
2013-03-17 20:30:00,101.338,98.56757
2013-03-17 21:00:00,97.05401,97.01817
2013-03-17 21:30:00,90.506004,92.079605
2013-03-17 22:00:00,84.24799,86.68117
2013-03-17 22:30:00,78.724,79.74651
2013-03-17 23:00:00,71.645996,72.02335
2013-03-17 23:30:00,64.838005,64.52144
2013-03-18 00:00:00,57.407997,58.49931
2013-03-18 00:30:00,53.058,53.95387
2013-03-18 01:00:00,54.218998,49.02086
2013-03-18 01:30:00,47.049004,50.552948
2013-03-18 02:00:00,42.766,47.05623
2013-03-18 02:30:00,46.676003,44.55235
2013-03-18 03:00:00,46.028996,45.80508
2013-03-18 03:30:00,43.649,44.812805
2013-03-18 04:00:00,40.114998,43.16313
2013-03-18 04:30:00,42.352997,41.085354
2013-03-18 05:00:00,41.765003,42.378777
2013-03-18 05:30:00,45.031,43.678192
2013-03-18 06:00:00,46.382996,47.55582
2013-03-18 06:30:00,50.011,52.641075
2013-03-18 07:00:00,58.689,58.95532
2013-03-18 07:30:00,65.924,66.50396
2013-03-18 08:00:00,58.559994,65.66397
2013-03-18 08:30:00,39.984,48.421814
2013-03-18 09:00:00,15.2439995,23.261719
2013-03-18 09:30:00,-10.851997,-1.6060524
2013-03-18 10:00:00,-34.229,-27.689861
2013-03-18 10:30:00,-55.398003,-48.6613
2013-03-18 11:00:00,-67.879,-64.588394
2013-03-18 11:30:00,-78.76199,-74.833015
2013-03-18 12:00:00,-76.009995,-82.21598
2013-03-18 12:30:00,-70.772995,-77.830925
2013-03-18 13:00:00,-71.741,-71.294205
2013-03-18 13:30:00,-70.216,-72.10961
2013-03-18 14:00:00,-77.261,-67.20261
2013-03-18 14:30:00,-71.22499,-71.40912
2013-03-18 15:00:00,-65.928,-62.090168
2013-03-18 15:30:00,-52.814003,-55.77702
2013-03-18 16:00:00,-42.961006,-35.180485
2013-03-18 16:30:00,-27.09399,-19.500183
2013-03-18 17:00:00,-0.30700684,2.5572968
2013-03-18 17:30:00,36.177,31.900623
2013-03-18 18:00:00,61.292004,67.47414
2013-03-18 18:30:00,91.44299,88.64941
2013-03-18 19:00:00,105.397,105.106636
2013-03-18 19:30:00,99.621,107.156006
2013-03-18 20:00:00,98.20899,101.066574
2013-03-18 20:30:00,95.102,99.22346
2013-03-18 21:00:00,91.156006,95.07133
2013-03-18 21:30:00,89.737,90.20344
2013-03-18 22:00:00,81.613,85.96813
2013-03-18 22:30:00,77.094,76.90035
2013-03-18 23:00:00,69.964005,69.41023
2013-03-18 23:30:00,62.454002,62.434074
2013-03-19 00:00:00,57.420998,56.12826
2013-03-19 00:30:00,50.790005,52.342777
2013-03-19 01:00:00,51.149002,47.606895
2013-03-19 01:30:00,47.274998,47.822723
2013-03-19 02:00:00,44.575,45.65005
2013-03-19 02:30:00,46.498997,43.329857
2013-03-19 03:00:00,45.715,44.297657
2013-03-19 03:30:00,44.719,43.432343
2013-03-19 04:00:00,40.014996,42.811974
2013-03-19 04:30:00,41.878998,40.52924
2013-03-19 05:00:00,43.399,42.392216
2013-03-19 05:30:00,44.843998,45.354256
2013-03-19 06:00:00,47.591,49.19855
2013-03-19 06:30:00,52.768997,54.48188
2013-03-19 07:00:00,61.979996,60.76668
2013-03-19 07:30:00,69.054,67.82935
2013-03-19 08:00:00,62.138004,65.157646
2013-03-19 08:30:00,44.893997,51.04513
2013-03-19 09:00:00,19.253998,26.287548
2013-03-19 09:30:00,-1.3139954,0.8590851
2013-03-19 10:00:00,-29.012997,-20.84642
2013-03-19 10:30:00,-42.905,-40.28302
2013-03-19 11:00:00,-48.620995,-52.62374
2013-03-19 11:30:00,-52.306015,-55.494316
2013-03-19 12:00:00,-55.654003,-58.392506
2013-03-19 12:30:00,-57.356003,-62.437805
2013-03-19 13:00:00,-67.31101,-59.974743
2013-03-19 13:30:00,-70.672,-68.07417
2013-03-19 14:00:00,-72.377014,-68.20583
2013-03-19 14:30:00,-66.149,-67.96301
2013-03-19 15:00:00,-64.42,-60.19797
2013-03-19 15:30:00,-61.031998,-51.500008
2013-03-19 16:00:00,-44.407,-43.474255
2013-03-19 16:30:00,-18.950996,-20.520706
2013-03-19 17:00:00,7.0770035,5.9873505
2013-03-19 17:30:00,39.915,34.02826
2013-03-19 18:00:00,67.348,69.223495
2013-03-19 18:30:00,85.155,91.68237
2013-03-19 19:00:00,102.747,101.013596
2013-03-19 19:30:00,97.347,105.7652
2013-03-19 20:00:00,99.755005,99.98634
2013-03-19 20:30:00,100.69199,100.473465
2013-03-19 21:00:00,97.494,98.960236
2013-03-19 21:30:00,82.979004,94.43244
2013-03-19 22:00:00,80.76199,83.18349
2013-03-19 22:30:00,74.006004,76.82767
2013-03-19 23:00:00,69.342,68.191956
2013-03-19 23:30:00,59.678997,62.164307
2013-03-20 00:00:00,55.964,55.48767
2013-03-20 00:30:00,51.308,50.822716
2013-03-20 01:00:00,51.434002,48.13596
2013-03-20 01:30:00,45.291,48.305737
2013-03-20 02:00:00,44.667,45.07661
2013-03-20 02:30:00,50.543,44.20787
2013-03-20 03:00:00,47.66,47.593704
2013-03-20 03:30:00,44.717003,45.72706
2013-03-20 04:00:00,41.182,43.95488
2013-03-20 04:30:00,43.647,42.13929
2013-03-20 05:00:00,42.695004,44.326828
2013-03-20 05:30:00,43.363,45.68163
2013-03-20 06:00:00,45.659,48.621323
2013-03-20 06:30:00,52.024,53.928032
2013-03-20 07:00:00,65.009,61.1892
2013-03-20 07:30:00,70.683,69.53588
2013-03-20 08:00:00,61.75,65.49925
2013-03-20 08:30:00,42.466995,50.738785
2013-03-20 09:00:00,24.263004,26.02806
2013-03-20 09:30:00,2.4589996,6.3752213
2013-03-20 10:00:00,-11.473003,-11.756596
2013-03-20 10:30:00,-36.151005,-23.338646
2013-03-20 11:00:00,-52.255,-46.71256
2013-03-20 11:30:00,-62.066994,-60.68052
2013-03-20 12:00:00,-65.18399,-67.28659
2013-03-20 12:30:00,-54.772003,-67.39594
2013-03-20 13:00:00,-48.450005,-58.63395
2013-03-20 13:30:00,-58.45101,-53.493156
2013-03-20 14:00:00,-73.308,-58.06241
2013-03-20 14:30:00,-62.855,-69.26999
2013-03-20 15:00:00,-57.16099,-56.034927
2013-03-20 15:30:00,-45.789,-48.46472
2013-03-20 16:00:00,-35.108994,-30.02224
2013-03-20 16:30:00,-20.113007,-14.312431
2013-03-20 17:00:00,5.679001,7.3615
2013-03-20 17:30:00,37.313004,38.107914
2013-03-20 18:00:00,66.54401,68.78009
2013-03-20 18:30:00,85.975006,89.45668
2013-03-20 19:00:00,96.752014,98.874054
2013-03-20 19:30:00,97.164,101.03221
2013-03-20 20:00:00,97.839,99.50246
2013-03-20 20:30:00,96.062,98.69987
2013-03-20 21:00:00,97.27899,95.89641
2013-03-20 21:30:00,90.572,94.43743
2013-03-20 22:00:00,80.555,87.7039
2013-03-20 22:30:00,75.774994,77.71136
2013-03-20 23:00:00,69.672,70.25118
2013-03-20 23:30:00,66.663,62.88168
2013-03-21 00:00:00,59.251,58.82169
2013-03-21 00:30:00,55.910995,52.40143
2013-03-21 01:00:00,54.029003,51.16144
2013-03-21 01:30:00,45.562,50.040367
2013-03-21 02:00:00,44.423,45.086594
2013-03-21 02:30:00,49.346004,43.829094
2013-03-21 03:00:00,45.545002,45.95156
2013-03-21 03:30:00,46.183002,43.8831
2013-03-21 04:00:00,41.790997,43.46224
2013-03-21 04:30:00,42.176003,41.74707
2013-03-21 05:00:00,41.474,42.51408
2013-03-21 05:30:00,44.0,43.662197
2013-03-21 06:00:00,45.759,47.887753
2013-03-21 06:30:00,52.605,53.5653
2013-03-21 07:00:00,60.524998,61.61611
2013-03-21 07:30:00,68.809,68.004814
2013-03-21 08:00:00,59.796997,64.95316
2013-03-21 08:30:00,42.226997,49.31787
2013-03-21 09:00:00,18.860004,24.686897
2013-03-21 09:30:00,0.05001068,0.68998337
2013-03-21 10:00:00,-28.428013,-20.94017
2013-03-21 10:30:00,-45.559998,-42.457092
2013-03-21 11:00:00,-61.179993,-57.78988
2013-03-21 11:30:00,-69.09001,-70.3371
2013-03-21 12:00:00,-74.416016,-76.642166
2013-03-21 12:30:00,-73.37601,-79.33791
2013-03-21 13:00:00,-80.726006,-76.2032
2013-03-21 13:30:00,-71.697,-82.364
2013-03-21 14:00:00,-54.73301,-70.25241
2013-03-21 14:30:00,-52.823997,-50.771805
2013-03-21 15:00:00,-46.13201,-44.91577
2013-03-21 15:30:00,-28.75399,-33.575455
2013-03-21 16:00:00,13.441002,-13.067772
2013-03-21 16:30:00,19.462006,27.0014
2013-03-21 17:00:00,48.289,37.494865
2013-03-21 17:30:00,54.933,67.92987
2013-03-21 18:00:00,75.66499,79.098785
2013-03-21 18:30:00,96.732994,94.53819
2013-03-21 19:00:00,102.882996,102.6174
2013-03-21 19:30:00,103.946,102.23384
2013-03-21 20:00:00,106.908,101.92764
2013-03-21 20:30:00,109.667,102.61223
2013-03-21 21:00:00,97.72099,102.78514
2013-03-21 21:30:00,94.175995,94.38036
2013-03-21 22:00:00,91.312004,90.43895
2013-03-21 22:30:00,78.666,85.740906
2013-03-21 23:00:00,75.52,74.29956
2013-03-21 23:30:00,68.520996,68.082924
2013-03-22 00:00:00,61.508,61.082325
2013-03-22 00:30:00,55.581997,54.094875
2013-03-22 01:00:00,54.059,50.301033
2013-03-22 01:30:00,50.405003,49.371017
2013-03-22 02:00:00,50.046997,47.56065
2013-03-22 02:30:00,49.953,46.76525
2013-03-22 03:00:00,47.742,46.6076
2013-03-22 03:30:00,47.168,45.22393
2013-03-22 04:00:00,44.767,44.57999
2013-03-22 04:30:00,45.220997,43.44323
2013-03-22 05:00:00,45.917,44.619102
2013-03-22 05:30:00,44.357002,46.725853
2013-03-22 06:00:00,46.975998,48.6916
2013-03-22 06:30:00,55.008003,53.839848
2013-03-22 07:00:00,67.87001,62.41943
2013-03-22 07:30:00,72.432,71.29029
2013-03-22 08:00:00,60.694996,69.11945
2013-03-22 08:30:00,48.958,53.21943
2013-03-22 09:00:00,32.993996,37.733757
2013-03-22 09:30:00,7.9950027,17.051754
2013-03-22 10:00:00,-11.167,-5.503998
2013-03-22 10:30:00,-25.089,-23.292553
2013-03-22 11:00:00,-36.883987,-33.53598
2013-03-22 11:30:00,-46.723,-43.586456
2013-03-22 12:00:00,-60.609985,-52.650047
2013-03-22 12:30:00,-55.775,-63.169533
2013-03-22 13:00:00,-46.987,-55.586212
2013-03-22 13:30:00,-33.85,-46.529556
2013-03-22 14:00:00,-25.365997,-30.23954
2013-03-22 14:30:00,2.8659973,-20.080849
2013-03-22 15:00:00,11.924995,10.221191
2013-03-22 15:30:00,34.91501,20.359764
2013-03-22 16:00:00,60.905003,45.01581
2013-03-22 16:30:00,77.366,69.59777
2013-03-22 17:00:00,90.83401,87.80339
2013-03-22 17:30:00,93.371,103.26245
2013-03-22 18:00:00,102.934,108.01347
2013-03-22 18:30:00,113.119,112.60125
2013-03-22 19:00:00,118.855995,115.7682
2013-03-22 19:30:00,113.60301,117.551834
2013-03-22 20:00:00,112.911995,113.89361
2013-03-22 20:30:00,107.201004,112.84803
2013-03-22 21:00:00,114.597,107.613495
2013-03-22 21:30:00,108.634995,108.64357
2013-03-22 22:00:00,100.033005,102.02024
2013-03-22 22:30:00,96.870995,94.083534
2013-03-22 23:00:00,89.422,88.36759
2013-03-22 23:30:00,82.936005,79.58398
2013-03-23 00:00:00,81.289,72.81049
2013-03-23 00:30:00,73.26499,70.95508
2013-03-23 01:00:00,70.394005,65.59298
2013-03-23 01:30:00,64.614006,61.79207
2013-03-23 02:00:00,58.785,58.27282
2013-03-23 02:30:00,62.736,54.4233
2013-03-23 03:00:00,59.159,56.27933
2013-03-23 03:30:00,54.546,53.97455
2013-03-23 04:00:00,47.866,51.103794
2013-03-23 04:30:00,47.932,47.42171
2013-03-23 05:00:00,49.762997,47.32987
2013-03-23 05:30:00,49.75,48.363586
2013-03-23 06:00:00,49.386,49.396286
2013-03-23 06:30:00,49.968998,50.87358
2013-03-23 07:00:00,57.872,54.053196
2013-03-23 07:30:00,63.721,62.29638
2013-03-23 08:00:00,59.399994,65.34353
2013-03-23 08:30:00,50.172997,58.03967
2013-03-23 09:00:00,39.607,39.641792
2013-03-23 09:30:00,30.182995,24.593288
2013-03-23 10:00:00,14.0479965,11.041847
2013-03-23 10:30:00,-0.12500763,-2.6190262
2013-03-23 11:00:00,-16.819,-13.434822
2013-03-23 11:30:00,-35.239,-26.210938
2013-03-23 12:00:00,-37.234993,-39.297333
2013-03-23 12:30:00,-42.217995,-38.76036
2013-03-23 13:00:00,-36.601997,-39.73851
2013-03-23 13:30:00,-13.832001,-32.52539
2013-03-23 14:00:00,20.761993,-8.106789
2013-03-23 14:30:00,-4.1449966,22.419785
2013-03-23 15:00:00,22.438004,3.759262
2013-03-23 15:30:00,40.786003,34.23941
2013-03-23 16:00:00,55.606014,49.11383
2013-03-23 16:30:00,60.877014,64.58177
2013-03-23 17:00:00,77.713,75.40404
2013-03-23 17:30:00,71.938,93.78676
2013-03-23 18:00:00,80.20899,92.330826
2013-03-23 18:30:00,97.907,100.367714
2013-03-23 19:00:00,103.184,108.98429
2013-03-23 19:30:00,103.028,106.926865
2013-03-23 20:00:00,100.098,105.050575
2013-03-23 20:30:00,105.118004,101.46497
2013-03-23 21:00:00,94.185005,102.60408
2013-03-23 21:30:00,96.91,93.37526
2013-03-23 22:00:00,89.55801,93.04913
2013-03-23 22:30:00,87.882,86.291695
2013-03-23 23:00:00,83.489006,81.70232
2013-03-23 23:30:00,79.844,75.15531
2013-03-24 00:00:00,77.117,70.37841
2013-03-24 00:30:00,62.632004,68.31342
2013-03-24 01:00:00,58.144997,59.2965
2013-03-24 01:30:00,55.614998,54.520683
2013-03-24 02:00:00,53.195,52.95656
2013-03-24 02:30:00,57.288,50.983322
2013-03-24 03:00:00,56.365993,53.716167
2013-03-24 03:30:00,53.156002,52.915325
2013-03-24 04:00:00,47.746998,50.62094
2013-03-24 04:30:00,47.899,47.362846
2013-03-24 05:00:00,49.891,47.02965
2013-03-24 05:30:00,49.330997,48.33672
2013-03-24 06:00:00,49.01,49.183746
2013-03-24 06:30:00,50.613,50.824554
2013-03-24 07:00:00,51.945,54.868134
2013-03-24 07:30:00,56.800003,58.76861
2013-03-24 08:00:00,57.086002,61.302204
2013-03-24 08:30:00,45.991997,54.708694
2013-03-24 09:00:00,37.862,39.123894
2013-03-24 09:30:00,20.807999,28.054424
2013-03-24 10:00:00,4.968994,6.738838
2013-03-24 10:30:00,-10.887009,-8.6803665
2013-03-24 11:00:00,-24.916,-22.742065
2013-03-24 11:30:00,-34.823013,-36.03077
2013-03-24 12:00:00,-37.82,-41.35182
2013-03-24 12:30:00,-32.365997,-42.58226
2013-03-24 13:00:00,-35.070007,-35.180954
2013-03-24 13:30:00,-31.492996,-36.597504
2013-03-24 14:00:00,-35.132004,-29.27826
2013-03-24 14:30:00,-28.741997,-30.973312
2013-03-24 15:00:00,-16.799995,-19.84159
2013-03-24 15:30:00,-2.4700012,-5.8670425
2013-03-24 16:00:00,13.604004,12.768356
2013-03-24 16:30:00,37.759987,31.75071
2013-03-24 17:00:00,76.15301,61.797638
2013-03-24 17:30:00,95.856,99.10274
2013-03-24 18:00:00,115.41699,116.14833
2013-03-24 18:30:00,126.812996,130.01524
2013-03-24 19:00:00,132.921,133.31737
2013-03-24 19:30:00,137.569,132.99449
2013-03-24 20:00:00,141.234,133.75313
2013-03-24 20:30:00,135.756,135.12254
2013-03-24 21:00:00,129.519,128.54634
2013-03-24 21:30:00,118.01,121.57473
2013-03-24 22:00:00,109.084,110.88981
2013-03-24 22:30:00,101.84301,101.86196
2013-03-24 23:00:00,94.682,92.246765
2013-03-24 23:30:00,85.696014,83.28044
2013-03-25 00:00:00,76.495995,75.61821
2013-03-25 00:30:00,72.234,67.962494
2013-03-25 01:00:00,72.19601,62.794422
2013-03-25 01:30:00,63.630997,63.411934
2013-03-25 02:00:00,58.375,58.58709
2013-03-25 02:30:00,57.527,54.915825
2013-03-25 03:00:00,55.949,53.5417
2013-03-25 03:30:00,55.075996,52.09013
2013-03-25 04:00:00,49.168,51.471012
2013-03-25 04:30:00,50.71,48.73658
2013-03-25 05:00:00,48.005997,49.53769
2013-03-25 05:30:00,49.458,49.16354
2013-03-25 06:00:00,49.566,51.298187
2013-03-25 06:30:00,55.154,54.677864
2013-03-25 07:00:00,66.61,61.982246
2013-03-25 07:30:00,74.047005,72.23077
2013-03-25 08:00:00,68.483,71.98828
2013-03-25 08:30:00,46.494003,59.987366
2013-03-25 09:00:00,29.013,31.828445
2013-03-25 09:30:00,1.1860008,10.452667
2013-03-25 10:00:00,-12.492004,-14.833603
2013-03-25 10:30:00,-34.833004,-28.720474
2013-03-25 11:00:00,-46.653015,-46.578552
2013-03-25 11:30:00,-59.09601,-56.103264
2013-03-25 12:00:00,-68.45301,-64.48346
2013-03-25 12:30:00,-70.48199,-71.00042
2013-03-25 13:00:00,-67.046,-70.09575
2013-03-25 13:30:00,-66.11299,-65.766716
2013-03-25 14:00:00,-66.535,-63.97969
2013-03-25 14:30:00,-60.507996,-61.995773
2013-03-25 15:00:00,-54.501,-51.297546
2013-03-25 15:30:00,-44.321,-40.24099
2013-03-25 16:00:00,-25.373001,-24.641579
2013-03-25 16:30:00,1.6809998,-0.32164
2013-03-25 17:00:00,32.670006,31.179028
2013-03-25 17:30:00,65.383995,65.54147
2013-03-25 18:00:00,104.815994,95.72867
2013-03-25 18:30:00,120.38301,120.11804
2013-03-25 19:00:00,125.816,123.78531
2013-03-25 19:30:00,121.062,124.78723
2013-03-25 20:00:00,118.31899,120.90622
2013-03-25 20:30:00,115.061005,118.57069
2013-03-25 21:00:00,115.654,113.55457
2013-03-25 21:30:00,104.978,110.70226
2013-03-25 22:00:00,95.434,100.84833
2013-03-25 22:30:00,95.503,90.69923
2013-03-25 23:00:00,88.69,84.58442
2013-03-25 23:30:00,77.550995,76.42694
2013-03-26 00:00:00,67.973,68.014244
2013-03-26 00:30:00,62.67,61.72012
2013-03-26 01:00:00,60.378002,56.551727
2013-03-26 01:30:00,56.436,55.50584
2013-03-26 02:00:00,56.500996,52.881454
2013-03-26 02:30:00,58.428,51.966846
2013-03-26 03:00:00,53.599,53.16966
2013-03-26 03:30:00,52.31,50.39875
2013-03-26 04:00:00,47.699,49.592876
2013-03-26 04:30:00,47.799,47.20192
2013-03-26 05:00:00,49.737,47.809555
2013-03-26 05:30:00,49.102,50.411194
2013-03-26 06:00:00,49.695995,52.487183
2013-03-26 06:30:00,57.634,56.20088
2013-03-26 07:00:00,67.21,64.38289
2013-03-26 07:30:00,75.248,71.64799
2013-03-26 08:00:00,68.62701,72.39243
2013-03-26 08:30:00,51.514,59.516567
2013-03-26 09:00:00,42.533997,40.93643
2013-03-26 09:30:00,23.599007,30.36219
2013-03-26 10:00:00,11.470997,8.163059
2013-03-26 10:30:00,-3.9990005,-1.6143494
2013-03-26 11:00:00,-11.169003,-14.222443
2013-03-26 11:30:00,-18.599007,-16.785294
2013-03-26 12:00:00,-41.118996,-26.28263
2013-03-26 12:30:00,-48.038002,-45.88788
2013-03-26 13:00:00,-51.472,-48.341217
2013-03-26 13:30:00,-42.233,-50.955215
2013-03-26 14:00:00,-45.06201,-39.00737
2013-03-26 14:30:00,-32.016,-41.875175
2013-03-26 15:00:00,-22.481003,-23.328941
2013-03-26 15:30:00,-1.6609955,-13.117401
2013-03-26 16:00:00,25.253998,11.097618
2013-03-26 16:30:00,42.473003,37.962067
2013-03-26 17:00:00,48.454,59.219418
2013-03-26 17:30:00,76.34399,74.72765
2013-03-26 18:00:00,97.19101,101.05566
2013-03-26 18:30:00,110.611984,111.35151
2013-03-26 19:00:00,114.904,115.09265
2013-03-26 19:30:00,109.409996,114.84619
2013-03-26 20:00:00,111.434006,110.475655
2013-03-26 20:30:00,110.72199,110.3335
2013-03-26 21:00:00,106.142006,108.39518
2013-03-26 21:30:00,102.90799,103.5397
2013-03-26 22:00:00,94.369995,98.3004
2013-03-26 22:30:00,91.54301,88.90334
2013-03-26 23:00:00,87.59,81.522484
2013-03-26 23:30:00,78.364,75.02664
2013-03-27 00:00:00,71.933,67.62789
2013-03-27 00:30:00,59.452003,61.752567
2013-03-27 01:00:00,57.052998,54.22684
2013-03-27 01:30:00,53.782,52.426613
2013-03-27 02:00:00,50.689003,50.241684
2013-03-27 02:30:00,50.572998,48.038273
2013-03-27 03:00:00,49.625996,48.06033
2013-03-27 03:30:00,48.684,47.38083
2013-03-27 04:00:00,44.616,46.78967
2013-03-27 04:30:00,46.203,44.861042
2013-03-27 05:00:00,45.362,46.38492
2013-03-27 05:30:00,46.343,47.354095
2013-03-27 06:00:00,48.857,50.223335
2013-03-27 06:30:00,55.259995,55.451424
2013-03-27 07:00:00,64.815,63.409813
2013-03-27 07:30:00,69.562996,70.83072
2013-03-27 08:00:00,63.169,68.679695
2013-03-27 08:30:00,46.948006,54.574425
2013-03-27 09:00:00,31.639996,32.168854
2013-03-27 09:30:00,13.164997,13.575256
2013-03-27 10:00:00,-6.9220123,-6.7149506
2013-03-27 10:30:00,-28.395004,-24.26429
2013-03-27 11:00:00,-40.332993,-41.524696
2013-03-27 11:30:00,-51.878998,-52.292107
2013-03-27 12:00:00,-58.649002,-62.390945
2013-03-27 12:30:00,-63.17099,-67.910385
2013-03-27 13:00:00,-65.239,-66.47551
2013-03-27 13:30:00,-59.66101,-66.274956
2013-03-27 14:00:00,-58.433,-57.950638
2013-03-27 14:30:00,-50.027008,-53.328514
2013-03-27 15:00:00,-43.812996,-38.23758
2013-03-27 15:30:00,-30.616005,-26.268745
2013-03-27 16:00:00,-6.163002,-9.57431
2013-03-27 16:30:00,22.53199,18.943634
2013-03-27 17:00:00,50.269993,51.15823
2013-03-27 17:30:00,80.061005,80.24313
2013-03-27 18:00:00,110.285995,105.3054
2013-03-27 18:30:00,121.142006,121.29402
2013-03-27 19:00:00,131.277,121.862885
2013-03-27 19:30:00,118.45801,125.75592
2013-03-27 20:00:00,126.137,117.5674
2013-03-27 20:30:00,118.353004,122.08069
2013-03-27 21:00:00,112.87401,115.045815
2013-03-27 21:30:00,111.55799,109.0272
2013-03-27 22:00:00,101.866,105.36164
2013-03-27 22:30:00,101.769005,95.24407
2013-03-27 23:00:00,85.824,89.583084
2013-03-27 23:30:00,80.241005,75.50513
2013-03-28 00:00:00,71.963005,69.16804
2013-03-28 00:30:00,63.523,62.235466
2013-03-28 01:00:00,61.029,57.386517
2013-03-28 01:30:00,57.168,55.597424
2013-03-28 02:00:00,56.877,52.84496
2013-03-28 02:30:00,55.697998,52.2763
2013-03-28 03:00:00,54.509995,51.496483
2013-03-28 03:30:00,53.004997,50.451206
2013-03-28 04:00:00,47.472996,49.5438
2013-03-28 04:30:00,47.508,46.86592
2013-03-28 05:00:00,46.157,47.233837
2013-03-28 05:30:00,48.389,47.640465
2013-03-28 06:00:00,48.589,51.384678
2013-03-28 06:30:00,55.523003,55.629044
2013-03-28 07:00:00,66.015,63.83344
2013-03-28 07:30:00,73.702995,72.17786
2013-03-28 08:00:00,66.692,71.794754
2013-03-28 08:30:00,47.098,58.060234
2013-03-28 09:00:00,26.101994,32.67935
2013-03-28 09:30:00,5.542,10.392323
2013-03-28 10:00:00,-12.164993,-11.941505
2013-03-28 10:30:00,-29.988995,-28.265488
2013-03-28 11:00:00,-45.61,-42.45244
2013-03-28 11:30:00,-49.050003,-54.61406
2013-03-28 12:00:00,-52.68901,-57.069885
2013-03-28 12:30:00,-56.284004,-58.790085
2013-03-28 13:00:00,-54.363,-58.125618
2013-03-28 13:30:00,-47.443993,-53.615257
2013-03-28 14:00:00,-31.622002,-43.717873
2013-03-28 14:30:00,-7.010002,-25.450073
2013-03-28 15:00:00,20.434998,2.471054
2013-03-28 15:30:00,41.034004,27.887566
2013-03-28 16:00:00,50.291004,47.735867
2013-03-28 16:30:00,60.984997,60.555717
2013-03-28 17:00:00,87.227,80.31789
2013-03-28 17:30:00,108.17999,109.39087
2013-03-28 18:00:00,133.03,124.53927
2013-03-28 18:30:00,150.919,139.12802
2013-03-28 19:00:00,142.629,144.85982
2013-03-28 19:30:00,133.61899,136.97876
2013-03-28 20:00:00,127.746,131.4352
2013-03-28 20:30:00,133.235,127.592896
2013-03-28 21:00:00,126.489,128.85411
2013-03-28 21:30:00,119.26601,120.882805
2013-03-28 22:00:00,110.642006,112.30395
2013-03-28 22:30:00,100.766,102.58539
2013-03-28 23:00:00,95.83299,90.76498
2013-03-28 23:30:00,88.517,83.42321
2013-03-29 00:00:00,77.828,76.79383
2013-03-29 00:30:00,70.84599,67.3493
2013-03-29 01:00:00,62.079,62.21129
2013-03-29 01:30:00,61.356,55.595253
2013-03-29 02:00:00,56.165,54.509056
2013-03-29 02:30:00,55.835995,51.637974
2013-03-29 03:00:00,50.891003,50.831818
2013-03-29 03:30:00,51.654995,48.137577
2013-03-29 04:00:00,51.118996,48.134823
2013-03-29 04:30:00,51.713,48.21969
2013-03-29 05:00:00,46.183,49.403286
2013-03-29 05:30:00,48.261997,47.698402
2013-03-29 06:00:00,44.895,50.18785
2013-03-29 06:30:00,45.657997,52.74675
2013-03-29 07:00:00,47.500996,57.31378
2013-03-29 07:30:00,57.353,62.402996
2013-03-29 08:00:00,56.480995,67.40886
2013-03-29 08:30:00,42.82,55.295094
2013-03-29 09:00:00,27.435001,33.992973
2013-03-29 09:30:00,14.225006,14.518581
2013-03-29 10:00:00,-3.2979965,-3.6719437
2013-03-29 10:30:00,-21.753998,-19.154617
2013-03-29 11:00:00,-28.389992,-30.689606
2013-03-29 11:30:00,-19.335,-33.390404
2013-03-29 12:00:00,-4.0000076,-20.616264
2013-03-29 12:30:00,4.2710037,-9.06488
2013-03-29 13:00:00,-3.6850052,-0.64058685
2013-03-29 13:30:00,-22.536003,-7.683922
2013-03-29 14:00:00,-28.887009,-19.535408
2013-03-29 14:30:00,-11.593002,-20.155594
2013-03-29 15:00:00,-15.261002,-5.990898
2013-03-29 15:30:00,-0.14900208,-5.6434097
2013-03-29 16:00:00,-2.0610046,9.371235
2013-03-29 16:30:00,13.036003,13.135639
2013-03-29 17:00:00,30.541,33.21607
2013-03-29 17:30:00,48.449997,57.241077
2013-03-29 18:00:00,78.58399,78.241615
2013-03-29 18:30:00,85.868,99.00375
2013-03-29 19:00:00,95.172,99.43847
2013-03-29 19:30:00,94.551,101.20742
2013-03-29 20:00:00,96.32701,97.87156
2013-03-29 20:30:00,91.74001,96.64188
2013-03-29 21:00:00,87.78999,92.26268
2013-03-29 21:30:00,84.26501,87.75753
2013-03-29 22:00:00,83.023994,83.57296
2013-03-29 22:30:00,75.249,80.06538
2013-03-29 23:00:00,73.55499,71.40177
2013-03-29 23:30:00,66.519,66.215195
2013-03-30 00:00:00,63.562996,59.55536
2013-03-30 00:30:00,55.29,56.909416
2013-03-30 01:00:00,53.587997,52.17101
2013-03-30 01:30:00,49.832,49.339283
2013-03-30 02:00:00,44.828,47.399963
2013-03-30 02:30:00,45.827,44.642834
2013-03-30 03:00:00,41.878002,45.082153
2013-03-30 03:30:00,43.16,42.861763
2013-03-30 04:00:00,42.121998,42.4807
2013-03-30 04:30:00,42.347,41.459927
2013-03-30 05:00:00,43.025997,41.844044
2013-03-30 05:30:00,45.39,42.808643
2013-03-30 06:00:00,44.892002,45.68698
2013-03-30 06:30:00,46.273003,48.50003
2013-03-30 07:00:00,48.759995,52.942146
2013-03-30 07:30:00,55.286003,57.25399
2013-03-30 08:00:00,52.157997,57.311413
2013-03-30 08:30:00,40.952003,48.275005
2013-03-30 09:00:00,25.240997,30.233688
2013-03-30 09:30:00,7.489006,10.638924
2013-03-30 10:00:00,-15.739998,-9.361458
2013-03-30 10:30:00,-31.495003,-27.711731
2013-03-30 11:00:00,-43.114998,-41.69944
2013-03-30 11:30:00,-49.384995,-52.648506
2013-03-30 12:00:00,-55.707,-56.162422
2013-03-30 12:30:00,-66.38199,-60.158287
2013-03-30 13:00:00,-71.851006,-66.04997
2013-03-30 13:30:00,-73.41001,-70.97913
2013-03-30 14:00:00,-69.44201,-69.33147
2013-03-30 14:30:00,-50.34501,-63.12094
2013-03-30 15:00:00,-42.901993,-42.4805
2013-03-30 15:30:00,-45.924995,-32.45244
2013-03-30 16:00:00,-37.113007,-29.996307
2013-03-30 16:30:00,-15.312004,-13.030426
2013-03-30 17:00:00,12.193001,11.839981
2013-03-30 17:30:00,50.94,41.418633
2013-03-30 18:00:00,59.80401,73.99433
2013-03-30 18:30:00,83.139,82.72769
2013-03-30 19:00:00,90.054,95.945175
2013-03-30 19:30:00,90.886,95.803764
2013-03-30 20:00:00,90.91901,93.73389
2013-03-30 20:30:00,91.184006,91.0314
2013-03-30 21:00:00,87.69299,88.899994
2013-03-30 21:30:00,82.662994,85.00319
2013-03-30 22:00:00,74.246994,80.43443
2013-03-30 22:30:00,70.028,73.55988
2013-03-30 23:00:00,67.340004,67.43231
2013-03-30 23:30:00,66.768005,62.653736
2013-03-31 00:00:00,59.582996,59.783817
2013-03-31 00:30:00,53.294,55.304962
2013-03-31 01:00:00,51.408,51.371437
2013-03-31 01:30:00,47.371,48.39159
2013-03-31 02:00:00,43.850998,46.643665
2013-03-31 02:30:00,47.683,44.300526
2013-03-31 03:00:00,44.943,46.061913
2013-03-31 03:30:00,44.259003,44.551254
2013-03-31 04:00:00,42.937,43.757065
2013-03-31 04:30:00,42.485996,42.54541
2013-03-31 05:00:00,44.575,42.41651
2013-03-31 05:30:00,42.252003,44.215763
2013-03-31 06:00:00,41.848,44.57955
2013-03-31 06:30:00,42.322,46.344048
2013-03-31 07:00:00,44.305996,49.08146
2013-03-31 07:30:00,55.302998,52.888123
2013-03-31 08:00:00,62.254005,60.05476
2013-03-31 08:30:00,65.185,61.86588
2013-03-31 09:00:00,71.77899,59.967583
2013-03-31 09:30:00,67.392,65.01932
2013-03-31 10:00:00,67.845,59.733765
2013-03-31 10:30:00,52.356,58.077087
2013-03-31 11:00:00,38.753002,38.99294
2013-03-31 11:30:00,23.234993,31.354668
2013-03-31 12:00:00,15.975998,18.609352
2013-03-31 12:30:00,10.523003,11.158737
2013-03-31 13:00:00,4.5479965,11.271896
2013-03-31 13:30:00,0.07800293,9.10257
2013-03-31 14:00:00,-7.180992,3.9496307
2013-03-31 14:30:00,-10.25,-1.5894547
2013-03-31 15:00:00,-12.872993,-2.5365753
2013-03-31 15:30:00,6.991997,-3.6835327
2013-03-31 16:00:00,10.129997,19.26078
2013-03-31 16:30:00,21.495998,25.681023
2013-03-31 17:00:00,35.553993,41.0539
2013-03-31 17:30:00,55.687,60.79396
2013-03-31 18:00:00,74.959,81.59193
2013-03-31 18:30:00,82.714,93.6425
2013-03-31 19:00:00,87.95501,95.99548
2013-03-31 19:30:00,95.35599,96.51626
2013-03-31 20:00:00,94.863,98.189125
2013-03-31 20:30:00,87.69,94.85563
2013-03-31 21:00:00,85.334,88.952705
2013-03-31 21:30:00,82.263,85.70563
2013-03-31 22:00:00,78.866005,81.7131
2013-03-31 22:30:00,72.089,76.36415
2013-03-31 23:00:00,68.197,67.96477
2013-03-31 23:30:00,63.433002,62.507812
2013-04-01 00:00:00,58.342,57.92838
2013-04-01 00:30:00,53.051,55.24172
2013-04-01 01:00:00,50.471004,50.459003
2013-04-01 01:30:00,48.31,49.163197
2013-04-01 02:00:00,45.286,47.212143
2013-04-01 02:30:00,46.509,45.24883
2013-04-01 03:00:00,46.705997,45.401115
2013-04-01 03:30:00,45.585003,44.953964
2013-04-01 04:00:00,43.686,43.68886
2013-04-01 04:30:00,44.59,42.369442
2013-04-01 05:00:00,45.354,43.670677
2013-04-01 05:30:00,42.530003,45.908577
2013-04-01 06:00:00,41.769997,47.27904
2013-04-01 06:30:00,43.864998,50.756863
2013-04-01 07:00:00,46.443996,56.600815
2013-04-01 07:30:00,55.155,61.097828
2013-04-01 08:00:00,58.135,65.834145
2013-04-01 08:30:00,46.66799,57.78772
2013-04-01 09:00:00,42.920002,37.947678
2013-04-01 09:30:00,29.54599,26.64716
2013-04-01 10:00:00,15.892998,8.428074
2013-04-01 10:30:00,18.49001,-6.243744
2013-04-01 11:00:00,13.935013,-0.9235611
2013-04-01 11:30:00,1.7850113,-4.004204
2013-04-01 12:00:00,-6.217003,-12.299515
2013-04-01 12:30:00,-16.373001,-16.006912
2013-04-01 13:00:00,-19.173004,-26.297157
2013-04-01 13:30:00,-13.932999,-26.102966
2013-04-01 14:00:00,-30.053001,-18.208672
2013-04-01 14:30:00,-30.184006,-32.225075
2013-04-01 15:00:00,-29.735,-27.863884
2013-04-01 15:30:00,-24.415,-24.789474
2013-04-01 16:00:00,-13.757004,-12.987869
2013-04-01 16:30:00,9.755005,5.788666
2013-04-01 17:00:00,33.684002,32.784378
2013-04-01 17:30:00,62.597,60.052353
2013-04-01 18:00:00,78.173004,90.58406
2013-04-01 18:30:00,95.246,102.93898
2013-04-01 19:00:00,99.854,109.1823
2013-04-01 19:30:00,107.292,106.34498
2013-04-01 20:00:00,99.076996,106.644104
2013-04-01 20:30:00,93.53701,99.76326
2013-04-01 21:00:00,92.443,95.20442
2013-04-01 21:30:00,90.16499,92.95199
2013-04-01 22:00:00,80.807,88.27629
2013-04-01 22:30:00,74.047,78.788185
2013-04-01 23:00:00,71.97499,69.60511
2013-04-01 23:30:00,64.05801,65.08982
2013-04-02 00:00:00,56.449,58.661674
2013-04-02 00:30:00,51.641,53.820065
2013-04-02 01:00:00,49.838,48.17551
2013-04-02 01:30:00,45.622,47.67299
2013-04-02 02:00:00,44.593002,45.099117
2013-04-02 02:30:00,44.785,43.64072
2013-04-02 03:00:00,45.241,43.682228
2013-04-02 03:30:00,47.144,43.56328
2013-04-02 04:00:00,45.537,44.27052
2013-04-02 04:30:00,43.873,43.73145
2013-04-02 05:00:00,42.218998,43.864395
2013-04-02 05:30:00,47.056,45.063507
2013-04-02 06:00:00,46.459003,50.30045
2013-04-02 06:30:00,49.621,54.048893
2013-04-02 07:00:00,58.261,60.301517
2013-04-02 07:30:00,67.134995,68.33543
2013-04-02 08:00:00,62.722,70.161644
2013-04-02 08:30:00,48.394005,56.942932
2013-04-02 09:00:00,31.222008,32.815186
2013-04-02 09:30:00,5.282997,11.30825
2013-04-02 10:00:00,-14.244003,-15.71183
2013-04-02 10:30:00,-35.392998,-33.18283
2013-04-02 11:00:00,-56.022003,-50.48259
2013-04-02 11:30:00,-67.089,-66.136505
2013-04-02 12:00:00,-72.909996,-74.42415
2013-04-02 12:30:00,-76.332985,-79.68794
2013-04-02 13:00:00,-76.651,-80.72226
2013-04-02 13:30:00,-76.95999,-80.32834
2013-04-02 14:00:00,-75.817986,-78.08674
2013-04-02 14:30:00,-71.714,-75.11816
2013-04-02 15:00:00,-63.815998,-65.692924
2013-04-02 15:30:00,-51.125008,-53.639107
2013-04-02 16:00:00,-35.810997,-34.580925
2013-04-02 16:30:00,-12.564995,-14.16021
2013-04-02 17:00:00,10.836998,15.194008
2013-04-02 17:30:00,44.863,43.69347
2013-04-02 18:00:00,75.118996,76.96579
2013-04-02 18:30:00,94.786,98.33752
2013-04-02 19:00:00,100.447,106.306
2013-04-02 19:30:00,104.769,105.60591
2013-04-02 20:00:00,96.378006,104.43973
2013-04-02 20:30:00,97.484,97.26388
2013-04-02 21:00:00,96.01399,95.922714
2013-04-02 21:30:00,89.826996,93.25945
2013-04-02 22:00:00,86.372,86.54672
2013-04-02 22:30:00,77.892006,80.632355
2013-04-02 23:00:00,75.525,70.857506
2013-04-02 23:30:00,65.794,65.98293
2013-04-03 00:00:00,57.877995,58.732624
2013-04-03 00:30:00,52.68,51.95268
2013-04-03 01:00:00,50.221,48.397297
2013-04-03 01:30:00,46.893,47.320446
2013-04-03 02:00:00,43.306,45.540554
2013-04-03 02:30:00,43.915,43.550083
2013-04-03 03:00:00,45.839,43.697773
2013-04-03 03:30:00,46.333,44.272743
2013-04-03 04:00:00,41.649998,44.516254
2013-04-03 04:30:00,43.903996,42.1545
2013-04-03 05:00:00,42.382,44.13834
2013-04-03 05:30:00,42.71,45.36842
2013-04-03 06:00:00,44.645996,47.992985
2013-04-03 06:30:00,52.786003,53.4415
2013-04-03 07:00:00,60.502,61.835884
2013-04-03 07:30:00,70.897,67.95213
2013-04-03 08:00:00,73.673,72.38774
2013-04-03 08:30:00,71.078995,69.40532
2013-04-03 09:00:00,69.381,62.08889
2013-04-03 09:30:00,61.641,59.6177
2013-04-03 10:00:00,60.934994,57.26298
2013-04-03 10:30:00,60.897,56.363987
2013-04-03 11:00:00,64.493996,55.414093
2013-04-03 11:30:00,57.585,56.286175
2013-04-03 12:00:00,57.71,48.64009
2013-04-03 12:30:00,51.673004,48.497936
2013-04-03 13:00:00,53.222,44.229546
2013-04-03 13:30:00,52.212997,45.665077
2013-04-03 14:00:00,39.052002,43.38925
2013-04-03 14:30:00,48.264,32.338253
2013-04-03 15:00:00,33.287003,46.093678
2013-04-03 15:30:00,42.085,39.189987
2013-04-03 16:00:00,51.362,48.307922
2013-04-03 16:30:00,53.051,58.945496
2013-04-03 17:00:00,65.956,69.13155
2013-04-03 17:30:00,85.599,91.87712
2013-04-03 18:00:00,101.39,110.63346
2013-04-03 18:30:00,108.98799,117.46409
2013-04-03 19:00:00,108.403,116.087494
2013-04-03 19:30:00,106.121,110.205246
2013-04-03 20:00:00,100.22498,105.69364
2013-04-03 20:30:00,92.115005,100.56387
2013-04-03 21:00:00,90.977,94.16103
2013-04-03 21:30:00,83.48699,91.50746
2013-04-03 22:00:00,77.07201,83.15217
2013-04-03 22:30:00,77.275,74.13141
2013-04-03 23:00:00,73.775,69.26449
2013-04-03 23:30:00,66.354004,63.942173
2013-04-04 00:00:00,57.744,57.69323
2013-04-04 00:30:00,51.368,50.930004
2013-04-04 01:00:00,50.001995,47.97312
2013-04-04 01:30:00,44.963005,47.292835
2013-04-04 02:00:00,44.625,44.718582
2013-04-04 02:30:00,43.268,44.337715
2013-04-04 03:00:00,43.574,43.3938
2013-04-04 03:30:00,45.736,42.888203
2013-04-04 04:00:00,43.988,43.79512
2013-04-04 04:30:00,45.311996,42.809006
2013-04-04 05:00:00,41.581,44.58084
2013-04-04 05:30:00,43.907997,45.01467
2013-04-04 06:00:00,46.294003,49.782654
2013-04-04 06:30:00,50.302,56.463345
2013-04-04 07:00:00,64.318,63.688843
2013-04-04 07:30:00,78.997,73.46094
2013-04-04 08:00:00,80.05,80.03871
2013-04-04 08:30:00,66.146996,74.31853
2013-04-04 09:00:00,68.24799,59.45271
2013-04-04 09:30:00,47.354996,56.20639
2013-04-04 10:00:00,31.776001,35.205482
2013-04-04 10:30:00,25.194004,22.45752
2013-04-04 11:00:00,17.571999,13.237701
2013-04-04 11:30:00,16.517006,5.536583
2013-04-04 12:00:00,22.711994,10.619812
2013-04-04 12:30:00,26.920006,20.761337
2013-04-04 13:00:00,31.172,20.643028
2013-04-04 13:30:00,20.130005,22.786068
2013-04-04 14:00:00,18.010998,14.429039
2013-04-04 14:30:00,19.311996,14.312675
2013-04-04 15:00:00,24.208,19.279182
2013-04-04 15:30:00,27.363003,26.186592
2013-04-04 16:00:00,44.192997,31.73151
2013-04-04 16:30:00,47.313004,50.633347
2013-04-04 17:00:00,61.754997,61.03121
2013-04-04 17:30:00,81.231,82.54152
2013-04-04 18:00:00,91.64699,100.70066
2013-04-04 18:30:00,103.55499,105.27743
2013-04-04 19:00:00,103.452995,109.31231
2013-04-04 19:30:00,104.276,106.36354
2013-04-04 20:00:00,102.493996,103.96259
2013-04-04 20:30:00,107.315,100.382484
2013-04-04 21:00:00,92.50401,101.31487
2013-04-04 21:30:00,85.704994,91.08387
2013-04-04 22:00:00,78.297,84.163086
2013-04-04 22:30:00,79.387,76.80084
2013-04-04 23:00:00,73.77,72.7404
2013-04-04 23:30:00,67.008,66.08351
2013-04-05 00:00:00,60.214005,59.839172
2013-04-05 00:30:00,56.045998,53.33545
2013-04-05 01:00:00,49.64,51.178253
2013-04-05 01:30:00,43.905,47.03706
2013-04-05 02:00:00,42.686996,44.413387
2013-04-05 02:30:00,43.327,43.596703
2013-04-05 03:00:00,47.213005,43.70115
2013-04-05 03:30:00,45.857,44.97037
2013-04-05 04:00:00,41.934,44.399353
2013-04-05 04:30:00,42.309002,42.371243
2013-04-05 05:00:00,42.048996,43.668087
2013-04-05 05:30:00,41.941998,45.525555
2013-04-05 06:00:00,43.86,48.580727
2013-04-05 06:30:00,53.094,54.254684
2013-04-05 07:00:00,66.572,63.77856
2013-04-05 07:30:00,76.278,74.26149
2013-04-05 08:00:00,69.894005,77.85151
2013-04-05 08:30:00,60.798004,62.43108
2013-04-05 09:00:00,52.702,47.766457
2013-04-05 09:30:00,32.695004,34.65278
2013-04-05 10:00:00,19.728996,16.90118
2013-04-05 10:30:00,5.2739983,4.2059364
2013-04-05 11:00:00,-16.987,-8.010353
2013-04-05 11:30:00,-27.374996,-25.042686
2013-04-05 12:00:00,-17.234009,-29.57034
2013-04-05 12:30:00,-21.096008,-21.514183
2013-04-05 13:00:00,-27.446991,-26.174507
2013-04-05 13:30:00,-34.082993,-32.662613
2013-04-05 14:00:00,-34.176006,-35.234543
2013-04-05 14:30:00,-25.467003,-31.478966
2013-04-05 15:00:00,-36.523006,-20.646984
2013-04-05 15:30:00,-31.620007,-27.744568
2013-04-05 16:00:00,-21.327007,-13.689079
2013-04-05 16:30:00,2.8289986,-0.32618332
2013-04-05 17:00:00,27.425007,28.54345
2013-04-05 17:30:00,47.760002,53.861862
2013-04-05 18:00:00,72.75399,76.96318
2013-04-05 18:30:00,93.49,95.76307
2013-04-05 19:00:00,99.533,104.13861
2013-04-05 19:30:00,92.312996,103.81196
2013-04-05 20:00:00,94.450005,96.715744
2013-04-05 20:30:00,89.21901,95.44231
2013-04-05 21:00:00,85.816,90.40379
2013-04-05 21:30:00,82.273,86.40166
2013-04-05 22:00:00,77.316,81.72845
2013-04-05 22:30:00,75.168015,75.34941
2013-04-05 23:00:00,73.50799,70.16135
2013-04-05 23:30:00,70.397,65.71024
2013-04-06 00:00:00,68.85601,61.63488
2013-04-06 00:30:00,60.004,59.63417
2013-04-06 01:00:00,53.9,54.65651
2013-04-06 01:30:00,47.692,49.086975
2013-04-06 02:00:00,46.109,45.58021
2013-04-06 02:30:00,45.756,44.363064
2013-04-06 03:00:00,46.045998,43.979774
2013-04-06 03:30:00,45.909,44.14219
2013-04-06 04:00:00,42.41,43.599743
2013-04-06 04:30:00,40.795002,41.36638
2013-04-06 05:00:00,41.177002,40.41985
2013-04-06 05:30:00,41.279,41.475925
2013-04-06 06:00:00,47.217003,43.67126
2013-04-06 06:30:00,43.399,49.243217
2013-04-06 07:00:00,46.830006,50.907303
2013-04-06 07:30:00,59.153004,55.42869
2013-04-06 08:00:00,65.027,62.59637
2013-04-06 08:30:00,56.64,60.399506
2013-04-06 09:00:00,54.240997,48.803062
2013-04-06 09:30:00,43.310005,42.465874
2013-04-06 10:00:00,34.789997,27.477875
2013-04-06 10:30:00,27.157993,21.520782
2013-04-06 11:00:00,10.032005,14.952843
2013-04-06 11:30:00,3.8819962,-0.17286682
2013-04-06 12:00:00,8.056007,-3.5651627
2013-04-06 12:30:00,5.465996,0.32739258
2013-04-06 13:00:00,4.696007,-1.3951797
2013-04-06 13:30:00,2.9439926,-3.8027344
2013-04-06 14:00:00,12.857994,-1.7062759
2013-04-06 14:30:00,25.255997,8.529816
2013-04-06 15:00:00,26.456001,20.922806
2013-04-06 15:30:00,28.393002,22.761684
2013-04-06 16:00:00,29.097008,29.722198
2013-04-06 16:30:00,41.559986,37.410313
2013-04-06 17:00:00,51.622,55.440376
2013-04-06 17:30:00,72.376,73.24419
2013-04-06 18:00:00,87.166,92.670845
2013-04-06 18:30:00,94.06799,102.24246
2013-04-06 19:00:00,105.363,102.14824
2013-04-06 19:30:00,102.134995,105.7135
2013-04-06 20:00:00,102.524,100.10013
2013-04-06 20:30:00,94.685005,98.727036
2013-04-06 21:00:00,88.767,92.445984
2013-04-06 21:30:00,81.94399,87.47345
2013-04-06 22:00:00,78.807,81.34279
2013-04-06 22:30:00,83.223,76.86835
2013-04-06 23:00:00,73.144005,75.05831
2013-04-06 23:30:00,66.656,65.911804
2013-04-07 00:00:00,66.718,59.448006
2013-04-07 00:30:00,57.766,58.40588
2013-04-07 01:00:00,53.065998,53.291664
2013-04-07 01:30:00,48.928,48.507027
2013-04-07 02:00:00,46.218998,46.54835
2013-04-07 02:30:00,94.94199,44.4116
2013-04-07 03:00:00,92.48301,74.829666
2013-04-07 03:30:00,47.364998,74.47544
2013-04-07 04:00:00,44.82,48.26547
2013-04-07 04:30:00,41.541004,43.97643
2013-04-07 05:00:00,43.4,42.891544
2013-04-07 05:30:00,39.718002,44.14432
2013-04-07 06:00:00,46.316,44.53151
2013-04-07 06:30:00,55.5,49.985096
2013-04-07 07:00:00,54.303997,56.996784
2013-04-07 07:30:00,42.078995,52.537537
2013-04-07 08:00:00,33.329002,33.51677
2013-04-07 08:30:00,21.088009,21.023872
2013-04-07 09:00:00,1.4360046,8.297844
2013-04-07 09:30:00,-0.5019989,-6.051956
2013-04-07 10:00:00,-2.633995,-11.839722
2013-04-07 10:30:00,-3.2770004,-10.503174
2013-04-07 11:00:00,-17.110992,-10.610611
2013-04-07 11:30:00,-16.884995,-18.700508
2013-04-07 12:00:00,-22.660995,-19.453995
2013-04-07 12:30:00,-27.220001,-23.713585
2013-04-07 13:00:00,-24.34298,-22.688644
2013-04-07 13:30:00,-24.811996,-16.955917
2013-04-07 14:00:00,-26.117004,-18.751923
2013-04-07 14:30:00,-23.597008,-17.545067
2013-04-07 15:00:00,-10.797005,-7.857559
2013-04-07 15:30:00,12.284004,10.233246
2013-04-07 16:00:00,30.381996,33.277283
2013-04-07 16:30:00,53.207,52.369514
2013-04-07 17:00:00,84.054,74.310135
2013-04-07 17:30:00,102.758995,100.86726
2013-04-07 18:00:00,112.506,115.846855
2013-04-07 18:30:00,118.162994,121.218155
2013-04-07 19:00:00,112.855,118.810165
2013-04-07 19:30:00,106.868,111.04094
2013-04-07 20:00:00,100.25399,105.60699
2013-04-07 20:30:00,94.797005,100.22626
2013-04-07 21:00:00,91.551994,95.73009
2013-04-07 21:30:00,88.56899,91.66495
2013-04-07 22:00:00,85.743996,87.31061
2013-04-07 22:30:00,72.967995,82.11814
2013-04-07 23:00:00,66.981,69.36679
2013-04-07 23:30:00,67.12,62.596306
2013-04-08 00:00:00,56.324005,60.654156
2013-04-08 00:30:00,49.241,52.87899
2013-04-08 01:00:00,44.657993,47.339672
2013-04-08 01:30:00,44.968998,45.27426
2013-04-08 02:00:00,43.385,44.94118
2013-04-08 02:30:00,43.043995,43.638424
2013-04-08 03:00:00,41.113,42.99512
2013-04-08 03:30:00,40.938,41.183037
2013-04-08 04:00:00,39.453,40.546944
2013-04-08 04:30:00,41.380997,39.71126
2013-04-08 05:00:00,41.329998,41.698566
2013-04-08 05:30:00,44.633003,43.586227
2013-04-08 06:00:00,47.475002,48.886192
2013-04-08 06:30:00,62.240993,55.37712
2013-04-08 07:00:00,70.603,66.85982
2013-04-08 07:30:00,59.749004,66.74606
2013-04-08 08:00:00,38.475,46.16162
2013-04-08 08:30:00,20.254005,22.82391
2013-04-08 09:00:00,-5.6569977,2.057907
2013-04-08 09:30:00,-25.47499,-20.848747
2013-04-08 10:00:00,-43.315998,-38.342545
2013-04-08 10:30:00,-49.396004,-53.154972
2013-04-08 11:00:00,-53.743,-57.91694
2013-04-08 11:30:00,-52.381996,-60.62335
2013-04-08 12:00:00,-42.892,-53.664005
2013-04-08 12:30:00,-29.582,-43.06682
2013-04-08 13:00:00,-20.945995,-29.631405
2013-04-08 13:30:00,-21.408005,-20.171463
2013-04-08 14:00:00,-31.735989,-17.739319
2013-04-08 14:30:00,-35.04501,-23.86948
2013-04-08 15:00:00,-27.188007,-19.791122
2013-04-08 15:30:00,-5.5289993,-4.6078796
2013-04-08 16:00:00,18.692993,18.12595
2013-04-08 16:30:00,39.71,43.146942
2013-04-08 17:00:00,66.87,62.906494
2013-04-08 17:30:00,91.97099,89.68121
2013-04-08 18:00:00,106.51899,110.14279
2013-04-08 18:30:00,121.31601,118.521484
2013-04-08 19:00:00,113.99699,120.570015
2013-04-08 19:30:00,109.32201,110.72144
2013-04-08 20:00:00,104.841995,105.80257
2013-04-08 20:30:00,99.089005,102.83397
2013-04-08 21:00:00,91.44199,99.00104
2013-04-08 21:30:00,87.632,93.22722
2013-04-08 22:00:00,81.52901,87.06045
2013-04-08 22:30:00,80.706,78.418915
2013-04-08 23:00:00,71.678,72.33745
2013-04-08 23:30:00,63.529,64.020775
2013-04-09 00:00:00,52.617996,57.329018
2013-04-09 00:30:00,47.826,50.71416
2013-04-09 01:00:00,47.809,44.76496
2013-04-09 01:30:00,45.658997,45.182297
2013-04-09 02:00:00,46.650997,44.308716
2013-04-09 02:30:00,45.849,44.286938
2013-04-09 03:00:00,40.948,43.890392
2013-04-09 03:30:00,39.966,40.911907
2013-04-09 04:00:00,41.415,39.83822
2013-04-09 04:30:00,40.724,40.7206
2013-04-09 05:00:00,41.815,41.649307
2013-04-09 05:30:00,45.568996,44.114365
2013-04-09 06:00:00,45.413998,49.148773
2013-04-09 06:30:00,59.852,53.39568
2013-04-09 07:00:00,67.506996,63.22278
2013-04-09 07:30:00,71.59901,66.291664
2013-04-09 08:00:00,62.142998,61.891685
2013-04-09 08:30:00,38.172993,46.314175
2013-04-09 09:00:00,18.109997,21.541222
2013-04-09 09:30:00,1.0650101,6.0222282
2013-04-09 10:00:00,-13.168999,-6.801529
2013-04-09 10:30:00,-32.700996,-19.788483
2013-04-09 11:00:00,-27.279995,-34.29692
2013-04-09 11:30:00,-14.538006,-26.215385
2013-04-09 12:00:00,-14.730011,-15.761108
2013-04-09 12:30:00,-10.806,-17.079628
2013-04-09 13:00:00,22.209,-12.48259
2013-04-09 13:30:00,31.825,17.21745
2013-04-09 14:00:00,17.062004,20.538635
2013-04-09 14:30:00,7.6339912,11.459324
2013-04-09 15:00:00,4.564995,10.886936
2013-04-09 15:30:00,17.257004,13.985764
2013-04-09 16:00:00,35.771996,30.223919
2013-04-09 16:30:00,44.277,49.191036
2013-04-09 17:00:00,63.639996,62.165535
2013-04-09 17:30:00,85.643,86.2426
2013-04-09 18:00:00,103.90301,106.89378
2013-04-09 18:30:00,116.811,118.13979
2013-04-09 19:00:00,119.424995,118.952866
2013-04-09 19:30:00,105.606,114.20022
2013-04-09 20:00:00,98.42799,103.88656
2013-04-09 20:30:00,93.4,99.37372
2013-04-09 21:00:00,94.70899,95.78783
2013-04-09 21:30:00,85.16501,94.31208
2013-04-09 22:00:00,79.979996,84.60898
2013-04-09 22:30:00,80.55599,76.30099
2013-04-09 23:00:00,67.114006,71.23351
2013-04-09 23:30:00,63.488003,60.38822
2013-04-10 00:00:00,58.003002,56.202908
2013-04-10 00:30:00,50.537,51.742653
2013-04-10 01:00:00,47.474,47.192043
2013-04-10 01:30:00,46.220997,46.219418
2013-04-10 02:00:00,42.703003,45.304985
2013-04-10 02:30:00,42.755,43.540966
2013-04-10 03:00:00,39.228,43.395645
2013-04-10 03:30:00,38.260002,41.243874
2013-04-10 04:00:00,37.808,40.372456
2013-04-10 04:30:00,39.039997,40.290363
2013-04-10 05:00:00,39.043,41.586826
2013-04-10 05:30:00,39.950996,43.739
2013-04-10 06:00:00,45.583996,47.468945
2013-04-10 06:30:00,63.214005,54.83875
2013-04-10 07:00:00,65.476,67.20247
2013-04-10 07:30:00,59.656,61.20319
2013-04-10 08:00:00,36.682,45.198875
2013-04-10 08:30:00,13.172001,21.787018
2013-04-10 09:00:00,-12.377007,-1.4002304
2013-04-10 09:30:00,-29.449005,-21.805367
2013-04-10 10:00:00,-44.731007,-37.75969
2013-04-10 10:30:00,-54.39601,-52.505043
2013-04-10 11:00:00,-60.44,-59.487873
2013-04-10 11:30:00,-60.106003,-64.06928
2013-04-10 12:00:00,-61.062,-62.86302
2013-04-10 12:30:00,-54.505997,-63.3553
2013-04-10 13:00:00,-55.63401,-54.117645
2013-04-10 13:30:00,-58.575005,-54.589417
2013-04-10 14:00:00,-52.859997,-51.35855
2013-04-10 14:30:00,-44.218002,-44.13689
2013-04-10 15:00:00,-32.125004,-29.9469
2013-04-10 15:30:00,-16.250996,-13.047508
2013-04-10 16:00:00,8.084999,10.058601
2013-04-10 16:30:00,32.498,35.226532
2013-04-10 17:00:00,63.404,58.23589
2013-04-10 17:30:00,80.229996,86.087555
2013-04-10 18:00:00,101.522995,100.00223
2013-04-10 18:30:00,118.39,114.76117
2013-04-10 19:00:00,108.770996,118.10407
2013-04-10 19:30:00,107.571,107.31753
2013-04-10 20:00:00,96.88901,104.48959
2013-04-10 20:30:00,98.83599,97.31391
2013-04-10 21:00:00,90.468,97.27011
2013-04-10 21:30:00,81.33699,90.46602
2013-04-10 22:00:00,80.673996,81.72174
2013-04-10 22:30:00,81.247,76.6552
2013-04-10 23:00:00,74.091,71.88161
2013-04-10 23:30:00,63.52,64.29012
2013-04-11 00:00:00,56.393,56.05032
2013-04-11 00:30:00,45.659004,49.900097
2013-04-11 01:00:00,43.279,44.79718
2013-04-11 01:30:00,44.486996,43.188656
2013-04-11 02:00:00,42.087997,43.87819
2013-04-11 02:30:00,41.781002,42.992382
2013-04-11 03:00:00,38.497997,42.544052
2013-04-11 03:30:00,36.584,40.457638
2013-04-11 04:00:00,37.580997,38.81826
2013-04-11 04:30:00,39.903996,39.145023
2013-04-11 05:00:00,38.192997,41.243896
2013-04-11 05:30:00,40.899998,42.596703
2013-04-11 06:00:00,43.161,46.95636
2013-04-11 06:30:00,57.441,52.849087
2013-04-11 07:00:00,58.427,62.374016
2013-04-11 07:30:00,50.350006,56.42059
2013-04-11 08:00:00,38.447,40.249393
2013-04-11 08:30:00,13.431999,21.209671
2013-04-11 09:00:00,-10.504997,-4.5708237
2013-04-11 09:30:00,-28.408989,-25.891953
2013-04-11 10:00:00,-46.885002,-41.59763
2013-04-11 10:30:00,-57.024002,-57.26019
2013-04-11 11:00:00,-69.217,-65.74391
2013-04-11 11:30:00,-73.788,-74.0379
2013-04-11 12:00:00,-77.800995,-75.04765
2013-04-11 12:30:00,-72.730995,-76.41005
2013-04-11 13:00:00,-71.39901,-70.00672
2013-04-11 13:30:00,-67.474,-66.41409
2013-04-11 14:00:00,-58.05501,-57.93395
2013-04-11 14:30:00,-47.618996,-46.66275
2013-04-11 15:00:00,-36.166004,-31.88538
2013-04-11 15:30:00,-16.348999,-14.684769
2013-04-11 16:00:00,10.691002,9.523235
2013-04-11 16:30:00,32.631004,36.22
2013-04-11 17:00:00,55.292,57.617134
2013-04-11 17:30:00,82.568,78.086105
2013-04-11 18:00:00,97.416,98.919655
2013-04-11 18:30:00,103.854996,108.341484
2013-04-11 19:00:00,101.628006,107.76897
2013-04-11 19:30:00,99.605995,102.32298
2013-04-11 20:00:00,97.23701,98.48734
2013-04-11 20:30:00,87.809006,95.87843
2013-04-11 21:00:00,83.097,89.27502
2013-04-11 21:30:00,80.063,84.59505
2013-04-11 22:00:00,74.411,80.23982
2013-04-11 22:30:00,70.138,73.48872
2013-04-11 23:00:00,66.026,66.44036
2013-04-11 23:30:00,59.503002,60.14702
2013-04-12 00:00:00,54.392,54.449883
2013-04-12 00:30:00,50.342003,49.24542
2013-04-12 01:00:00,45.064,47.49448
2013-04-12 01:30:00,44.952995,44.01462
2013-04-12 02:00:00,44.402,44.10297
2013-04-12 02:30:00,43.272003,43.79268
2013-04-12 03:00:00,39.116,42.93813
2013-04-12 03:30:00,40.254997,40.372196
2013-04-12 04:00:00,39.868,40.4589
2013-04-12 04:30:00,39.738995,40.1742
2013-04-12 05:00:00,38.578,40.917675
2013-04-12 05:30:00,41.200005,42.530804
2013-04-12 06:00:00,45.361996,46.751072
2013-04-12 06:30:00,55.586002,52.666656
2013-04-12 07:00:00,60.509003,59.503307
2013-04-12 07:30:00,60.544,57.819897
2013-04-12 08:00:00,45.654,46.90132
2013-04-12 08:30:00,19.889,27.450066
2013-04-12 09:00:00,-5.4810066,2.2163696
2013-04-12 09:30:00,-21.988998,-19.486141
2013-04-12 10:00:00,-31.160019,-32.935513
2013-04-12 10:30:00,-33.173004,-41.29467
2013-04-12 11:00:00,-38.663994,-38.629875
2013-04-12 11:30:00,-43.312,-42.904755
2013-04-12 12:00:00,-43.269997,-44.19246
2013-04-12 12:30:00,-39.001007,-43.471733
2013-04-12 13:00:00,-50.117996,-40.212196
2013-04-12 13:30:00,-52.469994,-47.521286
2013-04-12 14:00:00,-48.471012,-42.149734
2013-04-12 14:30:00,-41.911995,-33.94207
2013-04-12 15:00:00,-31.533005,-25.865814
2013-04-12 15:30:00,-12.382996,-12.917175
2013-04-12 16:00:00,11.193001,11.465191
2013-04-12 16:30:00,33.427998,35.98098
2013-04-12 17:00:00,60.412,57.775696
2013-04-12 17:30:00,82.853,82.33505
2013-04-12 18:00:00,97.107994,100.28482
2013-04-12 18:30:00,111.80299,108.967445
2013-04-12 19:00:00,107.675,111.8991
2013-04-12 19:30:00,103.174,104.83931
2013-04-12 20:00:00,95.044,100.41147
2013-04-12 20:30:00,91.385,95.102425
2013-04-12 21:00:00,86.283,92.127846
2013-04-12 21:30:00,84.849,87.436195
2013-04-12 22:00:00,78.95899,83.43843
2013-04-12 22:30:00,79.315994,76.53689
2013-04-12 23:00:00,72.87,72.60448
2013-04-12 23:30:00,63.593998,65.34789
2013-04-13 00:00:00,54.995,57.21283
2013-04-13 00:30:00,52.213,50.980385
2013-04-13 01:00:00,52.252995,49.58549
2013-04-13 01:30:00,53.760994,47.956642
2013-04-13 02:00:00,49.642,48.429005
2013-04-13 02:30:00,46.356995,46.349953
2013-04-13 03:00:00,43.467,44.527363
2013-04-13 03:30:00,42.400005,42.98838
2013-04-13 04:00:00,41.189,41.906685
2013-04-13 04:30:00,39.546,40.35288
2013-04-13 05:00:00,39.181004,39.70586
2013-04-13 05:30:00,38.842,40.30186
2013-04-13 06:00:00,40.208,42.069935
2013-04-13 06:30:00,48.999004,45.290154
2013-04-13 07:00:00,57.235004,50.29569
2013-04-13 07:30:00,51.258995,51.74338
2013-04-13 08:00:00,36.968,39.35176
2013-04-13 08:30:00,30.82801,22.371696
2013-04-13 09:00:00,6.7929993,14.850643
2013-04-13 09:30:00,-8.970009,-8.748817
2013-04-13 10:00:00,-23.849998,-23.022026
2013-04-13 10:30:00,-39.363007,-35.11582
2013-04-13 11:00:00,-47.118004,-47.61064
2013-04-13 11:30:00,-53.799988,-50.67768
2013-04-13 12:00:00,-50.578003,-53.258484
2013-04-13 12:30:00,-49.025993,-48.025894
2013-04-13 13:00:00,-52.82601,-44.09932
2013-04-13 13:30:00,-43.876007,-43.956413
2013-04-13 14:00:00,-37.491997,-33.3948
2013-04-13 14:30:00,-32.814003,-24.684753
2013-04-13 15:00:00,-22.326004,-15.22477
2013-04-13 15:30:00,-4.298996,0.17503357
2013-04-13 16:00:00,18.616997,21.265125
2013-04-13 16:30:00,45.328,45.782898
2013-04-13 17:00:00,68.622,68.71929
2013-04-13 17:30:00,81.405,90.14608
2013-04-13 18:00:00,98.989,99.07375
2013-04-13 18:30:00,107.43199,109.6375
2013-04-13 19:00:00,104.089005,108.34931
2013-04-13 19:30:00,93.387,101.88741
2013-04-13 20:00:00,92.482994,93.87606
2013-04-13 20:30:00,87.676,92.163124
2013-04-13 21:00:00,85.223,88.109436
2013-04-13 21:30:00,81.125,85.102196
2013-04-13 22:00:00,75.382,80.707954
2013-04-13 22:30:00,71.907,74.54632
2013-04-13 23:00:00,69.183,68.325035
2013-04-13 23:30:00,67.266,62.95186
2013-04-14 00:00:00,59.249004,59.586735
2013-04-14 00:30:00,52.799004,54.20062
2013-04-14 01:00:00,49.918,50.48219
2013-04-14 01:30:00,51.739994,46.364655
2013-04-14 02:00:00,49.617,47.852295
2013-04-14 02:30:00,46.807,46.776695
2013-04-14 03:00:00,42.987,44.96804
2013-04-14 03:30:00,42.111,43.190887
2013-04-14 04:00:00,41.403996,42.061703
2013-04-14 04:30:00,41.113,41.276928
2013-04-14 05:00:00,41.639,40.935642
2013-04-14 05:30:00,38.847,41.658775
2013-04-14 06:00:00,41.684998,42.102047
2013-04-14 06:30:00,48.343002,45.501247
2013-04-14 07:00:00,46.581,49.55658
2013-04-14 07:30:00,41.563,44.975933
2013-04-14 08:00:00,29.481998,32.903408
2013-04-14 08:30:00,15.955006,17.32883
2013-04-14 09:00:00,-1.6829987,0.6477356
2013-04-14 09:30:00,-11.859993,-16.75412
2013-04-14 10:00:00,-28.935005,-26.854324
2013-04-14 10:30:00,-42.258003,-42.576538
2013-04-14 11:00:00,-50.945,-50.958527
2013-04-14 11:30:00,-51.318,-55.15451
2013-04-14 12:00:00,-55.64299,-52.409195
2013-04-14 12:30:00,-49.076996,-53.577126
2013-04-14 13:00:00,-48.769005,-45.31704
2013-04-14 13:30:00,-43.77301,-42.03533
2013-04-14 14:00:00,-35.553993,-33.17234
2013-04-14 14:30:00,-27.922005,-22.158333
2013-04-14 15:00:00,-12.023003,-10.33062
2013-04-14 15:30:00,9.5510025,8.428642
2013-04-14 16:00:00,26.291,32.19377
2013-04-14 16:30:00,55.107002,52.18132
2013-04-14 17:00:00,78.242,77.372314
2013-04-14 17:30:00,93.119,99.281425
2013-04-14 18:00:00,109.705,110.911
2013-04-14 18:30:00,120.522995,119.482185
2013-04-14 19:00:00,108.907005,118.16037
2013-04-14 19:30:00,101.70199,106.819115
2013-04-14 20:00:00,97.995995,101.862595
2013-04-14 20:30:00,87.511,98.7005
2013-04-14 21:00:00,84.669,91.12068
2013-04-14 21:30:00,84.076,87.61208
2013-04-14 22:00:00,77.94201,84.7613
2013-04-14 22:30:00,74.211006,77.434456
2013-04-14 23:00:00,68.604004,69.92278
2013-04-14 23:30:00,63.508003,63.086643
2013-04-15 00:00:00,55.709,58.252007
2013-04-15 00:30:00,53.571,51.747093
2013-04-15 01:00:00,48.391,49.270306
2013-04-15 01:30:00,49.783997,47.1431
2013-04-15 02:00:00,44.530003,47.53474
2013-04-15 02:30:00,42.52,44.89534
2013-04-15 03:00:00,41.376,43.291443
2013-04-15 03:30:00,39.390003,41.65156
2013-04-15 04:00:00,39.464996,40.34884
2013-04-15 04:30:00,38.545,40.081966
2013-04-15 05:00:00,38.62,39.905117
2013-04-15 05:30:00,42.836998,41.471466
2013-04-15 06:00:00,44.684998,46.45516
2013-04-15 06:30:00,53.894,51.817413
2013-04-15 07:00:00,58.812996,58.669388
2013-04-15 07:30:00,59.162003,58.370083
2013-04-15 08:00:00,49.67101,49.797844
2013-04-15 08:30:00,41.871002,37.145264
2013-04-15 09:00:00,21.692997,23.868374
2013-04-15 09:30:00,16.714,3.6999397
2013-04-15 10:00:00,16.576996,2.2536469
2013-04-15 10:30:00,10.549995,2.1931152
2013-04-15 11:00:00,-3.194992,-0.055290222
2013-04-15 11:30:00,-25.256004,-11.424034
2013-04-15 12:00:00,-37.15899,-27.990448
2013-04-15 12:30:00,-43.830994,-35.115387
2013-04-15 13:00:00,-41.481995,-38.349815
2013-04-15 13:30:00,-19.009003,-32.84452
2013-04-15 14:00:00,-12.17601,-9.726807
2013-04-15 14:30:00,-6.191002,-3.2902298
2013-04-15 15:00:00,5.591011,6.3857117
2013-04-15 15:30:00,13.248001,21.057056
2013-04-15 16:00:00,32.073,34.193974
2013-04-15 16:30:00,52.484,56.810863
2013-04-15 17:00:00,78.77101,74.65905
2013-04-15 17:30:00,94.951996,99.847275
2013-04-15 18:00:00,110.807,111.578476
2013-04-15 18:30:00,119.65299,119.93746
2013-04-15 19:00:00,111.99799,118.00064
2013-04-15 19:30:00,104.744,109.16268
2013-04-15 20:00:00,106.571,104.46358
2013-04-15 20:30:00,95.353004,104.919914
2013-04-15 21:00:00,90.83501,97.747025
2013-04-15 21:30:00,90.151,93.23856
2013-04-15 22:00:00,87.312004,88.79929
2013-04-15 22:30:00,85.057,82.28066
2013-04-15 23:00:00,76.275,75.48503
2013-04-15 23:30:00,70.938,67.083786
2013-04-16 00:00:00,58.086998,61.71657
2013-04-16 00:30:00,53.696,53.710484
2013-04-16 01:00:00,49.011997,48.375755
2013-04-16 01:30:00,47.193,45.914265
2013-04-16 02:00:00,46.038002,44.915787
2013-04-16 02:30:00,45.002,44.33838
2013-04-16 03:00:00,40.461998,43.752903
2013-04-16 03:30:00,41.258,41.367676
2013-04-16 04:00:00,40.968998,41.089756
2013-04-16 04:30:00,40.135,40.978004
2013-04-16 05:00:00,40.771,41.476482
2013-04-16 05:30:00,43.475998,43.115303
2013-04-16 06:00:00,46.661,47.375927
2013-04-16 06:30:00,47.929,54.077095
2013-04-16 07:00:00,59.893,58.607773
2013-04-16 07:30:00,67.66301,67.912766
2013-04-16 08:00:00,70.730995,70.9136
2013-04-16 08:30:00,73.354,69.651115
2013-04-16 09:00:00,69.93099,65.80653
2013-04-16 09:30:00,62.542007,63.683712
2013-04-16 10:00:00,43.872997,51.01908
2013-04-16 10:30:00,37.698006,31.984299
2013-04-16 11:00:00,25.464,25.021214
2013-04-16 11:30:00,14.875,12.300289
2013-04-16 12:00:00,16.18,3.9236107
2013-04-16 12:30:00,5.4120026,5.226654
2013-04-16 13:00:00,-11.857994,-3.3033142
2013-04-16 13:30:00,-13.689003,-12.975304
2013-04-16 14:00:00,-10.118996,-11.7150345
2013-04-16 14:30:00,1.1710014,-6.564148
2013-04-16 15:00:00,7.4629974,5.0604477
2013-04-16 15:30:00,29.643993,13.775974
2013-04-16 16:00:00,46.849003,38.409126
2013-04-16 16:30:00,55.78,58.736725
2013-04-16 17:00:00,78.715,72.62346
2013-04-16 17:30:00,95.33,100.17296
2013-04-16 18:00:00,110.955,116.28493
2013-04-16 18:30:00,112.39499,124.32937
2013-04-16 19:00:00,116.413994,117.11607
2013-04-16 19:30:00,109.157005,113.85989
2013-04-16 20:00:00,96.876015,106.75596
2013-04-16 20:30:00,93.61099,99.25701
2013-04-16 21:00:00,90.07099,96.254425
2013-04-16 21:30:00,88.966,91.52988
2013-04-16 22:00:00,83.82001,86.405945
2013-04-16 22:30:00,83.336,77.913795
2013-04-16 23:00:00,83.24099,72.48012
2013-04-16 23:30:00,70.931,68.79138
2013-04-17 00:00:00,57.635998,60.264923
2013-04-17 00:30:00,54.665,50.781906
2013-04-17 01:00:00,48.454994,48.739716
2013-04-17 01:30:00,51.337,46.009933
2013-04-17 02:00:00,49.341,47.687035
2013-04-17 02:30:00,47.017994,47.02557
2013-04-17 03:00:00,39.871,45.589096
2013-04-17 03:30:00,39.200996,41.392353
2013-04-17 04:00:00,38.395,40.66861
2013-04-17 04:30:00,40.489998,40.320747
2013-04-17 05:00:00,42.851,42.336437
2013-04-17 05:30:00,40.106003,45.83767
2013-04-17 06:00:00,43.923996,47.300667
2013-04-17 06:30:00,50.82,54.0437
2013-04-17 07:00:00,63.261997,61.747456
2013-04-17 07:30:00,59.169,65.927635
2013-04-17 08:00:00,43.288994,49.00236
2013-04-17 08:30:00,21.900002,29.41629
2013-04-17 09:00:00,-3.1210022,6.328644
2013-04-17 09:30:00,-25.013992,-15.54438
2013-04-17 10:00:00,-34.43801,-33.993126
2013-04-17 10:30:00,-40.200996,-43.633705
2013-04-17 11:00:00,-43.757,-46.20839
2013-04-17 11:30:00,-47.057007,-46.98699
2013-04-17 12:00:00,-52.192005,-48.79311
2013-04-17 12:30:00,-41.432,-52.004093
2013-04-17 13:00:00,-47.070007,-40.848427
2013-04-17 13:30:00,-39.558994,-44.544872
2013-04-17 14:00:00,-22.966003,-31.85801
2013-04-17 14:30:00,1.3430023,-15.974678
2013-04-17 15:00:00,3.3300056,8.035648
2013-04-17 15:30:00,11.363007,15.215027
2013-04-17 16:00:00,26.990002,29.584692
2013-04-17 16:30:00,47.277996,48.69332
2013-04-17 17:00:00,75.38899,68.28919
2013-04-17 17:30:00,90.08599,94.99979
2013-04-17 18:00:00,104.480995,109.12293
2013-04-17 18:30:00,117.776,117.001205
2013-04-17 19:00:00,119.45799,118.400055
2013-04-17 19:30:00,106.56699,113.60806
2013-04-17 20:00:00,97.54101,103.82695
2013-04-17 20:30:00,95.401,98.38255
2013-04-17 21:00:00,90.114,96.25562
2013-04-17 21:30:00,91.998,91.13243
2013-04-17 22:00:00,86.504,88.84627
2013-04-17 22:30:00,80.99701,80.4459
2013-04-17 23:00:00,70.523,72.01685
2013-04-17 23:30:00,65.301994,62.205143
2013-04-18 00:00:00,58.731,57.04716
2013-04-18 00:30:00,52.796005,51.275032
2013-04-18 01:00:00,47.456,48.37812
2013-04-18 01:30:00,47.848995,45.65787
2013-04-18 02:00:00,46.01,45.58377
2013-04-18 02:30:00,46.051003,44.89972
2013-04-18 03:00:00,38.884,44.64628
2013-04-18 03:30:00,39.982002,40.65571
2013-04-18 04:00:00,38.024,40.191437
2013-04-18 04:30:00,37.886,39.44778
2013-04-18 05:00:00,39.171997,40.315514
2013-04-18 05:30:00,42.205997,43.13243
2013-04-18 06:00:00,46.276,48.10994
2013-04-18 06:30:00,55.343002,55.96757
2013-04-18 07:00:00,63.201004,63.613583
2013-04-18 07:30:00,54.701004,65.23541
2013-04-18 08:00:00,35.951,45.486336
2013-04-18 08:30:00,21.275993,22.614815
2013-04-18 09:00:00,-0.54698944,1.314148
2013-04-18 09:30:00,-16.056992,-19.009346
2013-04-18 10:00:00,-29.30001,-31.674706
2013-04-18 10:30:00,-36.103996,-42.8843
2013-04-18 11:00:00,-40.030006,-47.809647
2013-04-18 11:30:00,-35.814003,-50.371742
2013-04-18 12:00:00,-28.273994,-40.895676
2013-04-18 12:30:00,-20.210999,-32.541763
2013-04-18 13:00:00,-17.187004,-21.097282
2013-04-18 13:30:00,-14.179001,-15.851318
2013-04-18 14:00:00,-7.836998,-11.602715
2013-04-18 14:30:00,1.7579956,-5.8212776
2013-04-18 15:00:00,1.4449997,8.414196
2013-04-18 15:30:00,16.442001,15.518059
2013-04-18 16:00:00,31.513,34.06134
2013-04-18 16:30:00,47.340004,51.431084
2013-04-18 17:00:00,69.419,66.67579
2013-04-18 17:30:00,90.101006,90.679695
2013-04-18 18:00:00,100.37299,108.216
2013-04-18 18:30:00,109.30301,114.04488
2013-04-18 19:00:00,102.323006,113.75793
2013-04-18 19:30:00,103.478,103.86258
2013-04-18 20:00:00,95.673,101.544365
2013-04-18 20:30:00,89.726,95.784134
2013-04-18 21:00:00,85.36,91.18337
2013-04-18 21:30:00,81.49701,86.80143
2013-04-18 22:00:00,78.70601,81.46431
2013-04-18 22:30:00,78.694,75.81319
2013-04-18 23:00:00,68.756,70.94717
2013-04-18 23:30:00,65.211006,61.481968
2013-04-19 00:00:00,61.102,56.98938
2013-04-19 00:30:00,51.155,52.027863
2013-04-19 01:00:00,48.167,47.607784
2013-04-19 01:30:00,48.681,44.94996
2013-04-19 02:00:00,44.273,45.438015
2013-04-19 02:30:00,42.237,43.48547
2013-04-19 03:00:00,39.91,42.265446
2013-04-19 03:30:00,39.354,40.97379
2013-04-19 04:00:00,39.117,40.232697
2013-04-19 04:30:00,37.995003,40.050423
2013-04-19 05:00:00,38.409,40.54738
2013-04-19 05:30:00,42.736,42.727406
2013-04-19 06:00:00,44.610996,48.456116
2013-04-19 06:30:00,52.213997,55.179638
2013-04-19 07:00:00,57.197998,64.41443
2013-04-19 07:30:00,55.124992,66.66982
2013-04-19 08:00:00,46.471,48.38306
2013-04-19 08:30:00,30.051994,32.11143
2013-04-19 09:00:00,12.6989975,11.509453
2013-04-19 09:30:00,-17.644989,-12.250053
2013-04-19 10:00:00,-35.090996,-35.30519
2013-04-19 10:30:00,-50.53,-49.996643
2013-04-19 11:00:00,-56.868996,-59.501244
2013-04-19 11:30:00,-63.919,-62.643753
2013-04-19 12:00:00,-59.27601,-65.4391
2013-04-19 12:30:00,-29.855995,-59.88851
2013-04-19 13:00:00,-21.039993,-30.98095
2013-04-19 13:30:00,2.3850021,-22.601044
2013-04-19 14:00:00,-12.265999,2.7906265
2013-04-19 14:30:00,-13.979996,-4.639969
2013-04-19 15:00:00,4.9609985,0.9561348
2013-04-19 15:30:00,6.076996,21.255455
2013-04-19 16:00:00,30.046997,28.492771
2013-04-19 16:30:00,51.158997,52.078125
2013-04-19 17:00:00,77.214,72.28665
2013-04-19 17:30:00,92.81,99.40548
2013-04-19 18:00:00,107.992,112.540565
2013-04-19 18:30:00,111.744995,120.95616
2013-04-19 19:00:00,112.45701,116.05972
2013-04-19 19:30:00,104.567,111.36589
2013-04-19 20:00:00,100.18399,104.62572
2013-04-19 20:30:00,96.446,101.33818
2013-04-19 21:00:00,87.104004,98.359146
2013-04-19 21:30:00,83.973,90.795746
2013-04-19 22:00:00,82.481,86.083
2013-04-19 22:30:00,84.954,81.940544
2013-04-19 23:00:00,76.585,77.74118
2013-04-19 23:30:00,74.062996,67.87561
2013-04-20 00:00:00,63.223,62.67792
2013-04-20 00:30:00,58.641003,55.46455
2013-04-20 01:00:00,52.402004,53.08541
2013-04-20 01:30:00,51.447002,48.741837
2013-04-20 02:00:00,51.467,48.684258
2013-04-20 02:30:00,49.03,48.905518
2013-04-20 03:00:00,45.942,47.598083
2013-04-20 03:30:00,44.979996,45.790195
2013-04-20 04:00:00,41.863,44.67484
2013-04-20 04:30:00,40.668,43.21047
2013-04-20 05:00:00,41.147,43.174595
2013-04-20 05:30:00,41.32,44.782272
2013-04-20 06:00:00,39.715996,47.62863
2013-04-20 06:30:00,47.107998,50.213535
2013-04-20 07:00:00,54.758995,57.698402
2013-04-20 07:30:00,59.871002,65.89586
2013-04-20 08:00:00,71.205,66.204605
2013-04-20 08:30:00,93.252,72.837845
2013-04-20 09:00:00,89.221,86.169495
2013-04-20 09:30:00,82.355995,81.51956
2013-04-20 10:00:00,84.309,77.67693
2013-04-20 10:30:00,90.575,78.86932
2013-04-20 11:00:00,88.411995,82.00841
2013-04-20 11:30:00,87.343,79.97432
2013-04-20 12:00:00,95.901,78.95459
2013-04-20 12:30:00,102.99999,86.365364
2013-04-20 13:00:00,86.193,89.02352
2013-04-20 13:30:00,82.214005,76.916245
2013-04-20 14:00:00,86.09,77.377365
2013-04-20 14:30:00,82.77901,82.35897
2013-04-20 15:00:00,77.63401,80.72639
2013-04-20 15:30:00,76.48999,79.38069
2013-04-20 16:00:00,77.410995,83.06287
2013-04-20 16:30:00,90.399994,89.57051
2013-04-20 17:00:00,102.03,105.374306
2013-04-20 17:30:00,120.112,119.62306
2013-04-20 18:00:00,122.496,134.19066
2013-04-20 18:30:00,129.583,131.4893
2013-04-20 19:00:00,136.697,130.1121
2013-04-20 19:30:00,125.00101,128.24013
2013-04-20 20:00:00,112.961006,118.62901
2013-04-20 20:30:00,107.50299,109.86545
2013-04-20 21:00:00,100.05201,105.857475
2013-04-20 21:30:00,95.451,99.05426
2013-04-20 22:00:00,90.204,93.4256
2013-04-20 22:30:00,81.868,86.21975
2013-04-20 23:00:00,80.857,75.71589
2013-04-20 23:30:00,75.44399,71.26079
2013-04-21 00:00:00,64.565,65.88106
2013-04-21 00:30:00,62.206,57.248135
2013-04-21 01:00:00,53.775,56.814167
2013-04-21 01:30:00,51.847996,49.746437
2013-04-21 02:00:00,49.785,49.14542
2013-04-21 02:30:00,48.119003,47.789143
2013-04-21 03:00:00,50.119,46.825676
2013-04-21 03:30:00,44.978004,47.768333
2013-04-21 04:00:00,45.246,45.660305
2013-04-21 04:30:00,46.255997,45.33792
2013-04-21 05:00:00,45.368,46.000664
2013-04-21 05:30:00,43.427006,46.61764
2013-04-21 06:00:00,44.253,47.79359
2013-04-21 06:30:00,49.074997,51.49037
2013-04-21 07:00:00,59.101997,57.94885
2013-04-21 07:30:00,51.911,62.333836
2013-04-21 08:00:00,39.265,47.27717
2013-04-21 08:30:00,23.803001,32.657997
2013-04-21 09:00:00,6.683998,15.771805
2013-04-21 09:30:00,-14.548996,0.37828064
2013-04-21 10:00:00,-22.960007,-17.2593
2013-04-21 10:30:00,-34.199997,-28.029678
2013-04-21 11:00:00,-43.098,-38.42482
2013-04-21 11:30:00,-43.96599,-45.212257
2013-04-21 12:00:00,-35.34099,-42.560295
2013-04-21 12:30:00,-26.203987,-32.09127
2013-04-21 13:00:00,-23.521996,-24.705727
2013-04-21 13:30:00,-29.499,-19.55967
2013-04-21 14:00:00,-10.329002,-18.007797
2013-04-21 14:30:00,1.6920013,1.2963257
2013-04-21 15:00:00,7.258995,14.9860115
2013-04-21 15:30:00,12.243996,26.453419
2013-04-21 16:00:00,46.958,38.867504
2013-04-21 16:30:00,64.75199,67.21599
2013-04-21 17:00:00,86.387,82.41787
2013-04-21 17:30:00,103.562996,106.33603
2013-04-21 18:00:00,121.609,120.26042
2013-04-21 18:30:00,121.6,130.72691
2013-04-21 19:00:00,125.403,123.23057
2013-04-21 19:30:00,111.312996,119.803154
2013-04-21 20:00:00,106.40099,108.5072
2013-04-21 20:30:00,100.587,104.34677
2013-04-21 21:00:00,91.431,98.96874
2013-04-21 21:30:00,92.209,91.06105
2013-04-21 22:00:00,87.231,89.552124
2013-04-21 22:30:00,85.341,82.22491
2013-04-21 23:00:00,76.498,75.8937
2013-04-21 23:30:00,69.21901,67.2985
2013-04-22 00:00:00,59.964,60.967953
2013-04-22 00:30:00,52.838997,53.438232
2013-04-22 01:00:00,49.074997,47.808826
2013-04-22 01:30:00,48.097,46.349895
2013-04-22 02:00:00,48.328,45.87676
2013-04-22 02:30:00,44.522,46.430305
2013-04-22 03:00:00,41.670002,44.351418
2013-04-22 03:30:00,40.898,42.308304
2013-04-22 04:00:00,40.0,41.58642
2013-04-22 04:30:00,43.536,40.91224
2013-04-22 05:00:00,40.980995,43.243877
2013-04-22 05:30:00,44.042,43.874413
2013-04-22 06:00:00,48.548,49.216515
2013-04-22 06:30:00,61.749,56.753033
2013-04-22 07:00:00,72.678,69.46524
2013-04-22 07:30:00,74.07701,78.474304
2013-04-22 08:00:00,77.321,72.1275
2013-04-22 08:30:00,77.18099,69.99315
2013-04-22 09:00:00,57.379,63.21135
2013-04-22 09:30:00,15.512997,35.57378
2013-04-22 10:00:00,-15.154007,-7.411148
2013-04-22 10:30:00,-30.060997,-27.54821
2013-04-22 11:00:00,-46.145004,-41.391296
2013-04-22 11:30:00,-55.404007,-54.734093
2013-04-22 12:00:00,-57.881004,-59.897926
2013-04-22 12:30:00,-53.10901,-60.523865
2013-04-22 13:00:00,-52.729004,-53.48848
2013-04-22 13:30:00,-53.873,-50.684013
2013-04-22 14:00:00,-43.899994,-45.217865
2013-04-22 14:30:00,-30.111992,-33.096592
2013-04-22 15:00:00,-15.7219925,-16.096909
2013-04-22 15:30:00,2.1740036,3.0147362
2013-04-22 16:00:00,24.542004,23.060684
2013-04-22 16:30:00,49.949005,48.464996
2013-04-22 17:00:00,71.799,72.159256
2013-04-22 17:30:00,100.333,96.161705
2013-04-22 18:00:00,124.661,118.47917
2013-04-22 18:30:00,126.844,131.07053
2013-04-22 19:00:00,125.122,123.64121
2013-04-22 19:30:00,116.113,118.38031
2013-04-22 20:00:00,104.41101,111.89618
2013-04-22 20:30:00,101.416,104.769066
2013-04-22 21:00:00,95.386,101.88346
2013-04-22 21:30:00,92.201,96.341705
2013-04-22 22:00:00,91.558,89.96934
2013-04-22 22:30:00,83.628,83.81326
2013-04-22 23:00:00,74.429,73.47413
2013-04-22 23:30:00,69.146996,64.71118
2013-04-23 00:00:00,63.779,59.847824
2013-04-23 00:30:00,51.987,55.82884
2013-04-23 01:00:00,49.905,47.181625
2013-04-23 01:30:00,50.256,46.17334
2013-04-23 02:00:00,46.461,46.578903
2013-04-23 02:30:00,46.751,44.47402
2013-04-23 03:00:00,44.289,44.29462
2013-04-23 03:30:00,44.293003,42.64902
2013-04-23 04:00:00,42.938,42.39829
2013-04-23 04:30:00,41.180004,41.75662
2013-04-23 05:00:00,42.583,41.68309
2013-04-23 05:30:00,45.757,44.95993
2013-04-23 06:00:00,45.490997,50.501556
2013-04-23 06:30:00,52.669,55.235462
2013-04-23 07:00:00,66.249,63.020557
2013-04-23 07:30:00,58.850002,67.71509
2013-04-23 08:00:00,41.631012,48.0084
2013-04-23 08:30:00,24.332008,26.045826
2013-04-23 09:00:00,3.6789932,3.0923996
2013-04-23 09:30:00,-19.165009,-17.98172
2013-04-23 10:00:00,-32.072998,-36.891792
2013-04-23 10:30:00,-44.946,-47.830368
2013-04-23 11:00:00,-57.033012,-56.2463
2013-04-23 11:30:00,-64.46601,-64.52135
2013-04-23 12:00:00,-68.25,-67.16979
2013-04-23 12:30:00,-61.799995,-68.727
2013-04-23 13:00:00,-57.544,-62.28099
2013-04-23 13:30:00,-55.22,-55.990814
2013-04-23 14:00:00,-49.671997,-47.735603
2013-04-23 14:30:00,-32.527004,-37.961903
2013-04-23 15:00:00,-14.727997,-15.724033
2013-04-23 15:30:00,9.039001,5.7724266
2013-04-23 16:00:00,26.046993,30.208157
2013-04-23 16:30:00,47.259995,49.634468
2013-04-23 17:00:00,73.44199,69.74802
2013-04-23 17:30:00,95.22,95.49141
2013-04-23 18:00:00,115.443,112.546745
2013-04-23 18:30:00,118.252,122.704704
2013-04-23 19:00:00,116.06901,117.69838
2013-04-23 19:30:00,106.516,112.404144
2013-04-23 20:00:00,98.520004,105.21828
2013-04-23 20:30:00,96.078,100.54917
2013-04-23 21:00:00,90.838,98.31355
2013-04-23 21:30:00,94.175995,92.41782
2013-04-23 22:00:00,88.959015,89.62229
2013-04-23 22:30:00,89.252,81.17854
2013-04-23 23:00:00,78.057,76.070114
2013-04-23 23:30:00,69.038,66.17203
2013-04-24 00:00:00,60.480003,58.931355
2013-04-24 00:30:00,52.61199,52.306747
2013-04-24 01:00:00,49.511,47.70386
2013-04-24 01:30:00,48.718,46.48383
2013-04-24 02:00:00,47.231,46.16385
2013-04-24 02:30:00,45.597,45.6403
2013-04-24 03:00:00,40.924,44.457058
2013-04-24 03:30:00,41.910995,41.589455
2013-04-24 04:00:00,40.199997,41.728096
2013-04-24 04:30:00,41.039,41.006172
2013-04-24 05:00:00,43.39,42.333908
2013-04-24 05:30:00,46.387,45.36256
2013-04-24 06:00:00,49.314,50.103283
2013-04-24 06:30:00,52.974003,56.59943
2013-04-24 07:00:00,66.84801,61.853043
2013-04-24 07:30:00,56.714,67.60684
2013-04-24 08:00:00,44.787994,45.76284
2013-04-24 08:30:00,25.909,27.144314
2013-04-24 09:00:00,1.5619965,2.7853622
2013-04-24 09:30:00,-14.341995,-20.126663
2013-04-24 10:00:00,-29.315994,-35.349846
2013-04-24 10:30:00,-49.749992,-47.219124
2013-04-24 11:00:00,-60.261997,-60.257843
2013-04-24 11:30:00,-59.565994,-66.98745
2013-04-24 12:00:00,-58.777,-64.67454
2013-04-24 12:30:00,-63.878,-64.758995
2013-04-24 13:00:00,-58.641,-65.20844
2013-04-24 13:30:00,-56.364998,-59.16539
2013-04-24 14:00:00,-49.875984,-51.583397
2013-04-24 14:30:00,-40.642998,-42.036057
2013-04-24 15:00:00,-26.89,-26.691574
2013-04-24 15:30:00,-4.279991,-7.7734413
2013-04-24 16:00:00,18.525002,18.83548
2013-04-24 16:30:00,45.877,42.68332
2013-04-24 17:00:00,68.592995,66.259705
2013-04-24 17:30:00,98.251,90.27539
2013-04-24 18:00:00,119.646996,114.597824
2013-04-24 18:30:00,121.340004,126.24988
2013-04-24 19:00:00,114.48001,121.58887
2013-04-24 19:30:00,114.074,113.42638
2013-04-24 20:00:00,104.811005,110.78855
2013-04-24 20:30:00,99.65099,103.94548
2013-04-24 21:00:00,96.04301,99.23023
2013-04-24 21:30:00,92.835,94.790184
2013-04-24 22:00:00,88.746,88.46066
2013-04-24 22:30:00,84.897,81.07783
2013-04-24 23:00:00,74.104004,73.55814
2013-04-24 23:30:00,69.101,63.806946
2013-04-25 00:00:00,66.063995,59.040524
2013-04-25 00:30:00,55.903,55.3527
2013-04-25 01:00:00,56.366,50.96413
2013-04-25 01:30:00,54.563,50.71865
2013-04-25 02:00:00,50.856995,49.910995
2013-04-25 02:30:00,48.311005,48.036
2013-04-25 03:00:00,45.754997,46.36379
2013-04-25 03:30:00,43.017998,44.3104
2013-04-25 04:00:00,41.650997,42.382175
2013-04-25 04:30:00,43.848,41.661995
2013-04-25 05:00:00,46.207,43.532093
2013-04-25 05:30:00,44.291996,46.92774
2013-04-25 06:00:00,48.916,49.34641
2013-04-25 06:30:00,55.003998,57.6351
2013-04-25 07:00:00,60.54,65.86332
2013-04-25 07:30:00,58.482002,69.75755
2013-04-25 08:00:00,44.878006,52.997536
2013-04-25 08:30:00,33.769997,32.57684
2013-04-25 09:00:00,10.074005,13.883858
2013-04-25 09:30:00,0.9110031,-11.045792
2013-04-25 10:00:00,-12.184998,-23.525856
2013-04-25 10:30:00,-30.870987,-35.252457
2013-04-25 11:00:00,-41.846992,-48.94745
2013-04-25 11:30:00,-42.746002,-54.641907
2013-04-25 12:00:00,-46.039993,-52.49076
2013-04-25 12:30:00,-49.279,-55.570267
2013-04-25 13:00:00,-48.876,-54.322495
2013-04-25 13:30:00,-37.03501,-50.830788
2013-04-25 14:00:00,-35.53801,-38.251297
2013-04-25 14:30:00,-30.382011,-32.905945
2013-04-25 15:00:00,-16.614998,-22.092476
2013-04-25 15:30:00,8.324005,-3.3043556
2013-04-25 16:00:00,25.206001,24.793995
2013-04-25 16:30:00,46.4,46.00455
2013-04-25 17:00:00,76.972,66.09049
2013-04-25 17:30:00,99.073,95.06347
2013-04-25 18:00:00,111.814,113.77756
2013-04-25 18:30:00,117.04901,121.67254
2013-04-25 19:00:00,110.19399,119.237625
2013-04-25 19:30:00,103.777,110.30605
2013-04-25 20:00:00,101.451004,104.0991
2013-04-25 20:30:00,101.037994,101.56033
2013-04-25 21:00:00,93.30401,99.73179
2013-04-25 21:30:00,87.77,93.13537
2013-04-25 22:00:00,85.96899,86.65738
2013-04-25 22:30:00,82.472,80.714325
2013-04-25 23:00:00,75.35,73.49885
2013-04-25 23:30:00,68.518,65.65119
2013-04-26 00:00:00,62.791004,59.382957
2013-04-26 00:30:00,60.947998,53.711456
2013-04-26 01:00:00,50.982998,53.372883
2013-04-26 01:30:00,49.734997,47.195892
2013-04-26 02:00:00,48.487,46.339672
2013-04-26 02:30:00,47.97,46.023865
2013-04-26 03:00:00,43.486,45.64408
2013-04-26 03:30:00,41.438,42.94931
2013-04-26 04:00:00,41.751003,41.317173
2013-04-26 04:30:00,39.588,41.432392
2013-04-26 05:00:00,39.482998,41.414177
2013-04-26 05:30:00,44.813,43.524807
2013-04-26 06:00:00,49.427998,50.6689
2013-04-26 06:30:00,54.999004,59.076183
2013-04-26 07:00:00,68.97199,66.00349
2013-04-26 07:30:00,64.178986,72.17352
2013-04-26 08:00:00,55.275,53.30157
2013-04-26 08:30:00,32.299,36.68084
2013-04-26 09:00:00,5.0610046,8.804077
2013-04-26 09:30:00,-14.236008,-17.301804
2013-04-26 10:00:00,-34.215996,-33.870407
2013-04-26 10:30:00,-46.593994,-48.03856
2013-04-26 11:00:00,-52.832,-55.86727
2013-04-26 11:30:00,-62.429996,-59.6987
2013-04-26 12:00:00,-64.951004,-63.815712
2013-04-26 12:30:00,-58.415993,-64.16161
2013-04-26 13:00:00,-64.43501,-56.03067
2013-04-26 13:30:00,-54.042,-56.353268
2013-04-26 14:00:00,-44.806,-44.361988
2013-04-26 14:30:00,-33.071,-32.838722
2013-04-26 15:00:00,-19.312004,-18.302773
2013-04-26 15:30:00,-2.2270012,-0.93146896
2013-04-26 16:00:00,19.753002,20.060604
2013-04-26 16:30:00,50.109,44.137268
2013-04-26 17:00:00,72.377,69.6732
2013-04-26 17:30:00,93.173,91.30182
2013-04-26 18:00:00,105.654,108.743675
2013-04-26 18:30:00,113.328,115.33293
2013-04-26 19:00:00,111.29599,114.310356
2013-04-26 19:30:00,111.41501,109.16113
2013-04-26 20:00:00,105.01699,107.175995
2013-04-26 20:30:00,96.97199,102.877884
2013-04-26 21:00:00,90.813995,97.12216
2013-04-26 21:30:00,84.163,91.749245
2013-04-26 22:00:00,85.437996,84.19148
2013-04-26 22:30:00,79.566,81.08142
2013-04-26 23:00:00,76.934,73.116684
2013-04-26 23:30:00,75.24901,67.444954
2013-04-27 00:00:00,60.528008,64.07271
2013-04-27 00:30:00,55.843998,54.42197
2013-04-27 01:00:00,52.97,51.92061
2013-04-27 01:30:00,51.914,48.07165
2013-04-27 02:00:00,50.807,47.583836
2013-04-27 02:30:00,46.374,47.289234
2013-04-27 03:00:00,42.097996,44.827393
2013-04-27 03:30:00,41.444,42.452366
2013-04-27 04:00:00,39.625,41.304996
2013-04-27 04:30:00,39.321003,40.091927
2013-04-27 05:00:00,40.724,39.925148
2013-04-27 05:30:00,41.123,41.50216
2013-04-27 06:00:00,44.166,44.191795
2013-04-27 06:30:00,45.219,48.610306
2013-04-27 07:00:00,57.229996,51.169518
2013-04-27 07:30:00,51.186996,56.068676
2013-04-27 08:00:00,45.862,41.67074
2013-04-27 08:30:00,29.171001,30.232792
2013-04-27 09:00:00,12.701996,11.05864
2013-04-27 09:30:00,-9.119003,-5.0589676
2013-04-27 10:00:00,-25.308014,-22.490395
2013-04-27 10:30:00,-38.863,-35.52063
2013-04-27 11:00:00,-47.458,-45.146706
2013-04-27 11:30:00,-47.689995,-51.692207
2013-04-27 12:00:00,-51.479004,-49.653404
2013-04-27 12:30:00,-53.23699,-50.16027
2013-04-27 13:00:00,-56.46199,-47.428047
2013-04-27 13:30:00,-45.565994,-46.25969
2013-04-27 14:00:00,-40.850006,-33.357407
2013-04-27 14:30:00,-30.219997,-25.41529
2013-04-27 15:00:00,-12.579994,-10.870598
2013-04-27 15:30:00,8.303993,9.49968
2013-04-27 16:00:00,31.135998,31.833607
2013-04-27 16:30:00,54.74701,55.177925
2013-04-27 17:00:00,78.46999,74.40437
2013-04-27 17:30:00,99.01301,95.905815
2013-04-27 18:00:00,119.925,110.9994
2013-04-27 18:30:00,122.10999,121.68443
2013-04-27 19:00:00,112.973,117.20508
2013-04-27 19:30:00,100.44,108.554085
2013-04-27 20:00:00,99.687996,99.45422
2013-04-27 20:30:00,88.459,97.94491
2013-04-27 21:00:00,86.94701,90.15704
2013-04-27 21:30:00,83.48499,87.16489
2013-04-27 22:00:00,79.85,82.744225
2013-04-27 22:30:00,73.12499,77.402374
2013-04-27 23:00:00,67.975006,69.17074
2013-04-27 23:30:00,67.49999,62.39137
2013-04-28 00:00:00,60.339,59.619205
2013-04-28 00:30:00,55.399,54.463196
2013-04-28 01:00:00,52.557,51.563465
2013-04-28 01:30:00,50.345,47.696236
2013-04-28 02:00:00,49.954002,47.29023
2013-04-28 02:30:00,47.896,46.745808
2013-04-28 03:00:00,45.84,45.57687
2013-04-28 03:30:00,46.407,44.499966
2013-04-28 04:00:00,42.939003,44.25133
2013-04-28 04:30:00,42.333,42.08474
2013-04-28 05:00:00,41.436996,41.74284
2013-04-28 05:30:00,45.871998,42.14459
2013-04-28 06:00:00,43.659,46.219254
2013-04-28 06:30:00,45.103996,47.98718
2013-04-28 07:00:00,52.022003,50.29287
2013-04-28 07:30:00,51.058994,53.88129
2013-04-28 08:00:00,40.398003,42.08568
2013-04-28 08:30:00,32.431,28.637295
2013-04-28 09:00:00,12.284996,14.593597
2013-04-28 09:30:00,-8.608002,-4.567528
2013-04-28 10:00:00,-23.666,-21.475868
2013-04-28 10:30:00,-35.269997,-32.20153
2013-04-28 11:00:00,-48.107002,-40.779182
2013-04-28 11:30:00,-54.450996,-49.197403
2013-04-28 12:00:00,-56.841003,-52.10208
2013-04-28 12:30:00,-56.455994,-52.044266
2013-04-28 13:00:00,-53.24401,-47.921555
2013-04-28 13:30:00,-47.248,-42.53547
2013-04-28 14:00:00,-39.142,-32.38865
2013-04-28 14:30:00,-26.793999,-21.238892
2013-04-28 15:00:00,-11.765999,-5.3634033
2013-04-28 15:30:00,7.840004,13.349922
2013-04-28 16:00:00,29.256,34.894245
2013-04-28 16:30:00,59.399,55.93736
2013-04-28 17:00:00,85.44499,79.57508
2013-04-28 17:30:00,96.49,104.07735
2013-04-28 18:00:00,119.05699,113.13193
2013-04-28 18:30:00,119.014,125.71431
2013-04-28 19:00:00,116.948006,116.673706
2013-04-28 19:30:00,115.14001,112.422676
2013-04-28 20:00:00,106.391014,109.29568
2013-04-28 20:30:00,101.33301,103.47006
2013-04-28 21:00:00,91.383995,99.56951
2013-04-28 21:30:00,87.04799,91.4112
2013-04-28 22:00:00,79.701996,85.876465
2013-04-28 22:30:00,77.260994,77.56284
2013-04-28 23:00:00,74.089005,70.59811
2013-04-28 23:30:00,67.766,65.494385
2013-04-29 00:00:00,55.123997,59.76558
2013-04-29 00:30:00,52.64,51.18792
2013-04-29 01:00:00,46.869,47.456512
2013-04-29 01:30:00,48.323997,45.102814
2013-04-29 02:00:00,44.615,45.33509
2013-04-29 02:30:00,44.223,44.102104
2013-04-29 03:00:00,42.742,43.394363
2013-04-29 03:30:00,39.186005,42.066494
2013-04-29 04:00:00,37.864998,39.848213
2013-04-29 04:30:00,37.377,38.846596
2013-04-29 05:00:00,37.968,39.193275
2013-04-29 05:30:00,42.589,41.026714
2013-04-29 06:00:00,48.429,46.567898
2013-04-29 06:30:00,51.016994,54.769085
2013-04-29 07:00:00,62.645,59.473995
2013-04-29 07:30:00,59.585007,66.22122
2013-04-29 08:00:00,49.770004,50.08086
2013-04-29 08:30:00,28.34399,31.67332
2013-04-29 09:00:00,7.987995,6.7672043
2013-04-29 09:30:00,-14.239006,-14.739891
2013-04-29 10:00:00,-28.173996,-31.52221
2013-04-29 10:30:00,-39.890007,-41.498207
2013-04-29 11:00:00,-46.908,-48.335667
2013-04-29 11:30:00,-57.02799,-50.359444
2013-04-29 12:00:00,-60.142006,-56.177917
2013-04-29 12:30:00,-57.211,-56.338196
2013-04-29 13:00:00,-56.38399,-51.94898
2013-04-29 13:30:00,-47.199005,-48.14611
2013-04-29 14:00:00,-39.076996,-36.501564
2013-04-29 14:30:00,-27.240002,-26.242504
2013-04-29 15:00:00,-9.277008,-10.343426
2013-04-29 15:30:00,9.422993,10.691513
2013-04-29 16:00:00,32.484,31.136272
2013-04-29 16:30:00,49.365997,54.53331
2013-04-29 17:00:00,79.79099,71.09919
2013-04-29 17:30:00,104.033,99.008415
2013-04-29 18:00:00,111.70501,118.80849
2013-04-29 18:30:00,118.954,120.31188
2013-04-29 19:00:00,115.615005,118.124626
2013-04-29 19:30:00,114.395004,111.30799
2013-04-29 20:00:00,102.895004,108.773155
2013-04-29 20:30:00,95.304,102.51145
2013-04-29 21:00:00,90.590996,97.394264
2013-04-29 21:30:00,87.177,92.80541
2013-04-29 22:00:00,83.88,86.64802
2013-04-29 22:30:00,80.071,79.741455
2013-04-29 23:00:00,75.97301,71.84159
2013-04-29 23:30:00,69.038,66.08313
2013-04-30 00:00:00,59.816998,60.255665
2013-04-30 00:30:00,52.078003,54.319103
2013-04-30 01:00:00,47.778004,47.234
2013-04-30 01:30:00,47.524002,45.090275
2013-04-30 02:00:00,44.372,45.16001
2013-04-30 02:30:00,45.037,43.32455
2013-04-30 03:00:00,39.986,43.42651
2013-04-30 03:30:00,39.333,40.73653
2013-04-30 04:00:00,39.284,40.040318
2013-04-30 04:30:00,38.898,40.27734
2013-04-30 05:00:00,39.702,41.04656
2013-04-30 05:30:00,44.484,43.099552
2013-04-30 06:00:00,44.01,48.328323
2013-04-30 06:30:00,49.948997,52.423737
2013-04-30 07:00:00,62.461002,58.60932
2013-04-30 07:30:00,69.045,67.45552
2013-04-30 08:00:00,69.980995,65.46799
2013-04-30 08:30:00,56.423,62.05802
2013-04-30 09:00:00,42.944996,49.89385
2013-04-30 09:30:00,44.807995,36.046886
2013-04-30 10:00:00,27.723999,33.062714
2013-04-30 10:30:00,11.723003,18.424995
2013-04-30 11:00:00,-6.6279984,5.119522
2013-04-30 11:30:00,-10.958004,-9.091316
2013-04-30 12:00:00,-31.489002,-10.316322
2013-04-30 12:30:00,-31.236008,-28.023945
2013-04-30 13:00:00,-36.652996,-27.641129
2013-04-30 13:30:00,-25.440998,-32.452545
2013-04-30 14:00:00,-13.795002,-21.148335
2013-04-30 14:30:00,-9.419991,-10.042446
2013-04-30 15:00:00,-3.8530006,-1.1096725
2013-04-30 15:30:00,11.395,10.326103
2013-04-30 16:00:00,27.403008,29.135801
2013-04-30 16:30:00,48.349,48.235703
2013-04-30 17:00:00,78.50001,68.14079
2013-04-30 17:30:00,89.36199,98.19087
2013-04-30 18:00:00,111.549995,110.144646
2013-04-30 18:30:00,116.52,122.07892
2013-04-30 19:00:00,113.105995,116.679115
2013-04-30 19:30:00,103.368996,109.73975
2013-04-30 20:00:00,100.99799,102.61836
2013-04-30 20:30:00,98.811005,100.96797
2013-04-30 21:00:00,90.885,99.17859
2013-04-30 21:30:00,92.513,92.71679
2013-04-30 22:00:00,88.114,89.78848
2013-04-30 22:30:00,83.353004,82.26336
2013-04-30 23:00:00,78.813,73.842735
2013-04-30 23:30:00,67.643,67.790695
2013-05-01 00:00:00,58.125,59.327652
2013-05-01 00:30:00,50.968,52.66919
2013-05-01 01:00:00,48.854996,49.931202
2013-05-01 01:30:00,48.44,48.1546
2013-05-01 02:00:00,46.378998,47.54135
2013-05-01 02:30:00,44.350998,46.31576
2013-05-01 03:00:00,41.688004,44.798405
2013-05-01 03:30:00,41.106,43.14369
2013-05-01 04:00:00,40.367,42.815964
2013-05-01 04:30:00,40.929,42.55325
2013-05-01 05:00:00,40.313,43.77153
2013-05-01 05:30:00,42.211002,45.255215
2013-05-01 06:00:00,42.002,49.033985
2013-05-01 06:30:00,55.207,53.46865
2013-05-01 07:00:00,69.887,66.75253
2013-05-01 07:30:00,72.391,77.75662
2013-05-01 08:00:00,56.508003,66.13079
2013-05-01 08:30:00,43.156,46.777645
2013-05-01 09:00:00,19.203007,28.356995
2013-05-01 09:30:00,-5.928993,4.8680725
2013-05-01 10:00:00,-26.995995,-19.669403
2013-05-01 10:30:00,-40.156,-38.1227
2013-05-01 11:00:00,-53.962006,-48.320183
2013-05-01 11:30:00,-54.374004,-58.159744
2013-05-01 12:00:00,-60.769005,-58.097313
2013-05-01 12:30:00,-59.267994,-60.964767
2013-05-01 13:00:00,-54.948006,-56.77398
2013-05-01 13:30:00,-49.166996,-49.177917
2013-05-01 14:00:00,-43.164,-41.223293
2013-05-01 14:30:00,-32.101997,-31.01744
2013-05-01 15:00:00,-10.849003,-13.10545
2013-05-01 15:30:00,18.009998,10.541889
2013-05-01 16:00:00,39.868,36.331085
2013-05-01 16:30:00,58.538,55.678013
2013-05-01 17:00:00,80.97099,74.68237
2013-05-01 17:30:00,95.139,101.98368
2013-05-01 18:00:00,109.963,116.91628
2013-05-01 18:30:00,115.93601,123.0347
2013-05-01 19:00:00,110.207,118.82584
2013-05-01 19:30:00,105.817,110.247475
2013-05-01 20:00:00,100.52,105.09252
2013-05-01 20:30:00,94.861,101.380554
2013-05-01 21:00:00,98.131004,97.24502
2013-05-01 21:30:00,87.862,96.736534
2013-05-01 22:00:00,90.522,86.674774
2013-05-01 22:30:00,80.301,82.56322
2013-05-01 23:00:00,75.15299,70.46332
2013-05-01 23:30:00,68.55701,62.895912
2013-05-02 00:00:00,58.453003,57.042046
2013-05-02 00:30:00,51.787003,49.739555
2013-05-02 01:00:00,44.821003,46.788437
2013-05-02 01:30:00,44.03,43.28972
2013-05-02 02:00:00,43.329998,42.79264
2013-05-02 02:30:00,41.030994,42.85295
2013-05-02 03:00:00,39.581997,41.547558
2013-05-02 03:30:00,38.45,40.512997
2013-05-02 04:00:00,38.302002,39.29139
2013-05-02 04:30:00,39.360996,39.14558
2013-05-02 05:00:00,40.791,40.568913
2013-05-02 05:30:00,42.453,43.191845
2013-05-02 06:00:00,44.876003,47.009785
2013-05-02 06:30:00,52.368,54.168705
2013-05-02 07:00:00,66.589,64.82301
2013-05-02 07:30:00,74.02901,76.670975
2013-05-02 08:00:00,61.213997,66.23107
2013-05-02 08:30:00,31.706997,45.862396
2013-05-02 09:00:00,6.3740044,15.675327
2013-05-02 09:30:00,-10.392998,-10.147018
2013-05-02 10:00:00,-22.248001,-25.36206
2013-05-02 10:30:00,-21.592,-36.944714
2013-05-02 11:00:00,-34.971004,-32.10721
2013-05-02 11:30:00,-52.951,-42.415134
2013-05-02 12:00:00,-55.285,-55.367233
2013-05-02 12:30:00,-57.881,-53.890705
2013-05-02 13:00:00,-63.07301,-54.109947
2013-05-02 13:30:00,-46.363,-53.576973
2013-05-02 14:00:00,-33.105995,-36.305714
2013-05-02 14:30:00,-26.269005,-21.321507
2013-05-02 15:00:00,-7.4559975,-9.186218
2013-05-02 15:30:00,12.796001,12.602982
2013-05-02 16:00:00,32.043,34.60383
2013-05-02 16:30:00,45.755,55.523193
2013-05-02 17:00:00,70.323,72.52091
2013-05-02 17:30:00,97.544,98.879616
2013-05-02 18:00:00,116.92,121.23467
2013-05-02 18:30:00,112.38999,129.5617
2013-05-02 19:00:00,117.669,119.45343
2013-05-02 19:30:00,114.33199,117.77367
2013-05-02 20:00:00,101.423996,112.45908
2013-05-02 20:30:00,101.854996,103.4491
2013-05-02 21:00:00,95.685,102.54903
2013-05-02 21:30:00,85.98001,96.52273
2013-05-02 22:00:00,87.005005,86.66122
2013-05-02 22:30:00,82.00199,82.49648
2013-05-02 23:00:00,78.108,73.607834
2013-05-02 23:30:00,68.39,66.446526
2013-05-03 00:00:00,58.575996,58.64471
2013-05-03 00:30:00,54.054,51.000576
2013-05-03 01:00:00,48.017002,49.78328
2013-05-03 01:30:00,45.156002,45.823917
2013-05-03 02:00:00,44.324,44.63294
2013-05-03 02:30:00,44.013004,44.522144
2013-05-03 03:00:00,43.843998,43.911926
2013-05-03 03:30:00,39.839,43.154476
2013-05-03 04:00:00,36.495,40.51131
2013-05-03 04:30:00,39.000004,38.899597
2013-05-03 05:00:00,40.072,41.16871
2013-05-03 05:30:00,43.131996,44.30448
2013-05-03 06:00:00,44.858997,50.660408
2013-05-03 06:30:00,56.612,57.363903
2013-05-03 07:00:00,71.17,68.99867
2013-05-03 07:30:00,71.601,79.67089
2013-05-03 08:00:00,54.687004,62.903355
2013-05-03 08:30:00,30.101006,40.791866
2013-05-03 09:00:00,5.996002,11.168816
2013-05-03 09:30:00,-16.689995,-12.90992
2013-05-03 10:00:00,-37.031998,-32.06198
2013-05-03 10:30:00,-51.79699,-48.368557
2013-05-03 11:00:00,-57.747993,-57.927326
2013-05-03 11:30:00,-62.025,-61.30316
2013-05-03 12:00:00,-57.892998,-60.860962
2013-05-03 12:30:00,-59.096,-58.70422
2013-05-03 13:00:00,-58.850994,-57.647675
2013-05-03 13:30:00,-56.475006,-54.80572
2013-05-03 14:00:00,-51.596996,-46.96126
2013-05-03 14:30:00,-39.875,-39.34804
2013-05-03 15:00:00,-21.638988,-23.649376
2013-05-03 15:30:00,-3.2270012,-1.0679207
2013-05-03 16:00:00,21.980999,21.699928
2013-05-03 16:30:00,42.009,45.417557
2013-05-03 17:00:00,70.075005,66.44983
2013-05-03 17:30:00,83.259,95.15668
2013-05-03 18:00:00,110.057,107.14329
2013-05-03 18:30:00,116.09,123.20033
2013-05-03 19:00:00,112.171005,117.71932
2013-05-03 19:30:00,106.497,110.63921
2013-05-03 20:00:00,98.565,105.32252
2013-05-03 20:30:00,94.23699,100.66131
2013-05-03 21:00:00,93.61701,97.19472
2013-05-03 21:30:00,88.167,95.15905
2013-05-03 22:00:00,83.44399,88.77666
2013-05-03 22:30:00,79.895996,82.18561
2013-05-03 23:00:00,75.63399,74.7056
2013-05-03 23:30:00,71.29,66.81061
2013-05-04 00:00:00,62.954006,60.844204
2013-05-04 00:30:00,55.928,54.386524
2013-05-04 01:00:00,54.322998,50.988644
2013-05-04 01:30:00,52.636,48.522205
2013-05-04 02:00:00,48.698,48.20989
2013-05-04 02:30:00,48.025,45.784824
2013-05-04 03:00:00,43.250996,44.99248
2013-05-04 03:30:00,42.093998,42.630135
2013-05-04 04:00:00,40.381,41.397305
2013-05-04 04:30:00,40.652,40.58262
2013-05-04 05:00:00,39.968998,40.926323
2013-05-04 05:30:00,43.109,42.344948
2013-05-04 06:00:00,44.966003,46.864826
2013-05-04 06:30:00,49.672,51.760746
2013-05-04 07:00:00,60.955,57.839157
2013-05-04 07:30:00,70.464,68.05211
2013-05-04 08:00:00,76.772995,73.20507
2013-05-04 08:30:00,80.793,76.29402
2013-05-04 09:00:00,75.525,75.98141
2013-05-04 09:30:00,72.09502,69.50281
2013-05-04 10:00:00,67.45,63.299744
2013-05-04 10:30:00,39.294,58.928658
2013-05-04 11:00:00,23.20501,35.661354
2013-05-04 11:30:00,2.0439987,25.172035
2013-05-04 12:00:00,-8.226997,1.4151001
2013-05-04 12:30:00,-16.113998,-8.543282
2013-05-04 13:00:00,-23.366005,-14.614426
2013-05-04 13:30:00,-38.947006,-22.20102
2013-05-04 14:00:00,-37.663998,-28.801704
2013-05-04 14:30:00,-17.825012,-24.294075
2013-05-04 15:00:00,1.3110046,-2.0237503
2013-05-04 15:30:00,20.77,18.497307
2013-05-04 16:00:00,43.580006,42.40059
2013-05-04 16:30:00,67.341995,66.944695
2013-05-04 17:00:00,90.034004,91.07291
2013-05-04 17:30:00,106.421,113.47839
2013-05-04 18:00:00,122.49299,125.63352
2013-05-04 18:30:00,118.562996,130.96991
2013-05-04 19:00:00,111.596,120.82595
2013-05-04 19:30:00,102.635,112.70839
2013-05-04 20:00:00,96.687004,105.460625
2013-05-04 20:30:00,88.34599,100.68991
2013-05-04 21:00:00,91.897995,94.14647
2013-05-04 21:30:00,90.93101,93.9202
2013-05-04 22:00:00,85.381004,89.8896
2013-05-04 22:30:00,80.131996,82.75537
2013-05-04 23:00:00,75.54,74.13569
2013-05-04 23:30:00,71.436005,66.924835
2013-05-05 00:00:00,61.595997,62.0344
2013-05-05 00:30:00,58.699,54.639626
2013-05-05 01:00:00,57.935,53.394897
2013-05-05 01:30:00,55.596,50.953224
2013-05-05 02:00:00,53.868,50.20029
2013-05-05 02:30:00,53.449,49.093964
2013-05-05 03:00:00,48.233006,48.453037
2013-05-05 03:30:00,48.031002,45.722214
2013-05-05 04:00:00,43.285,45.0828
2013-05-05 04:30:00,42.528,42.742462
2013-05-05 05:00:00,45.231,42.76033
2013-05-05 05:30:00,47.322,45.17081
2013-05-05 06:00:00,47.669,48.472584
2013-05-05 06:30:00,48.658997,52.092068
2013-05-05 07:00:00,56.212,56.447533
2013-05-05 07:30:00,55.433,64.90765
2013-05-05 08:00:00,48.517002,54.407433
2013-05-05 08:30:00,36.63399,43.977142
2013-05-05 09:00:00,16.472996,28.006931
2013-05-05 09:30:00,-0.037994385,6.6354904
2013-05-05 10:00:00,-19.359001,-9.905853
2013-05-05 10:30:00,-29.916008,-27.456688
2013-05-05 11:00:00,-36.88501,-36.339607
2013-05-05 11:30:00,-40.479996,-40.805008
2013-05-05 12:00:00,-39.009003,-39.873787
2013-05-05 12:30:00,-34.96901,-35.71016
2013-05-05 13:00:00,-29.321014,-30.966446
2013-05-05 13:30:00,-32.90399,-23.913513
2013-05-05 14:00:00,-37.602997,-24.956299
2013-05-05 14:30:00,-26.684013,-26.44188
2013-05-05 15:00:00,-7.5289993,-8.179405
2013-05-05 15:30:00,15.779003,15.790985
2013-05-05 16:00:00,32.187,40.630795
2013-05-05 16:30:00,58.062004,60.53826
2013-05-05 17:00:00,76.076,85.63411
2013-05-05 17:30:00,105.062,105.260765
2013-05-05 18:00:00,135.786,128.81625
2013-05-05 18:30:00,141.58101,143.58487
2013-05-05 19:00:00,128.817,137.7707
2013-05-05 19:30:00,116.64901,124.826096
2013-05-05 20:00:00,113.753,115.7732
2013-05-05 20:30:00,106.173,112.85369
2013-05-05 21:00:00,103.159004,106.334946
2013-05-05 21:30:00,98.167,101.6054
2013-05-05 22:00:00,88.312004,95.06592
2013-05-05 22:30:00,81.172005,83.97272
2013-05-05 23:00:00,78.407,73.70463
2013-05-05 23:30:00,71.68301,68.68729
2013-05-06 00:00:00,63.177002,62.864174
2013-05-06 00:30:00,56.579,54.85941
2013-05-06 01:00:00,53.838,50.473396
2013-05-06 01:30:00,48.583,48.69958
2013-05-06 02:00:00,46.641,46.77838
2013-05-06 02:30:00,45.136,45.196655
2013-05-06 03:00:00,43.894997,44.384647
2013-05-06 03:30:00,40.681,43.50607
2013-05-06 04:00:00,39.01,41.878544
2013-05-06 04:30:00,43.262997,40.502598
2013-05-06 05:00:00,46.185997,43.550446
2013-05-06 05:30:00,48.966,48.142498
2013-05-06 06:00:00,49.953995,54.622414
2013-05-06 06:30:00,63.543003,61.965706
2013-05-06 07:00:00,75.079,77.23433
2013-05-06 07:30:00,74.336,85.69686
2013-05-06 08:00:00,63.785988,67.857834
2013-05-06 08:30:00,34.709003,49.816257
2013-05-06 09:00:00,15.389,18.386929
2013-05-06 09:30:00,-8.89901,-2.1720505
2013-05-06 10:00:00,-32.354,-21.353363
2013-05-06 10:30:00,-45.773994,-38.193665
2013-05-06 11:00:00,-52.544003,-47.601986
2013-05-06 11:30:00,-53.323,-53.1213
2013-05-06 12:00:00,-42.640007,-48.999725
2013-05-06 12:30:00,-37.877,-39.636932
2013-05-06 13:00:00,-42.238007,-34.882683
2013-05-06 13:30:00,-39.231,-35.384686
2013-05-06 14:00:00,-34.683,-27.62498
2013-05-06 14:30:00,-30.269005,-19.014572
2013-05-06 15:00:00,-11.474998,-9.745186
2013-05-06 15:30:00,20.296001,11.401577
2013-05-06 16:00:00,33.003,42.536533
2013-05-06 16:30:00,53.262005,60.78282
2013-05-06 17:00:00,81.007996,82.60684
2013-05-06 17:30:00,118.596,112.06506
2013-05-06 18:00:00,128.202,140.72002
2013-05-06 18:30:00,138.05,139.05992
2013-05-06 19:00:00,127.868004,137.54028
2013-05-06 19:30:00,120.61301,125.473045
2013-05-06 20:00:00,109.61201,119.394745
2013-05-06 20:30:00,108.493,111.32693
2013-05-06 21:00:00,110.55101,109.49104
2013-05-06 21:30:00,97.63,107.662506
2013-05-06 22:00:00,91.88999,94.965164
2013-05-06 22:30:00,89.084,85.57505
2013-05-06 23:00:00,87.531,77.827614
2013-05-06 23:30:00,71.64,72.58642
2013-05-07 00:00:00,64.225,61.465607
2013-05-07 00:30:00,54.609,55.29945
2013-05-07 01:00:00,53.442997,47.971024
2013-05-07 01:30:00,50.509,48.283737
2013-05-07 02:00:00,49.627995,47.29874
2013-05-07 02:30:00,48.107,46.693542
2013-05-07 03:00:00,42.987,45.7566
2013-05-07 03:30:00,42.693996,42.8949
2013-05-07 04:00:00,43.051,42.270096
2013-05-07 04:30:00,43.072998,42.725895
2013-05-07 05:00:00,43.598003,43.732166
2013-05-07 05:30:00,49.893997,46.55357
2013-05-07 06:00:00,51.208996,54.136883
2013-05-07 06:30:00,62.669,61.69193
2013-05-07 07:00:00,79.426,74.23532
2013-05-07 07:30:00,79.23399,86.700455
2013-05-07 08:00:00,68.339,70.776924
2013-05-07 08:30:00,42.318996,53.083317
2013-05-07 09:00:00,17.157997,26.536331
2013-05-07 09:30:00,1.6240005,2.6033936
2013-05-07 10:00:00,-8.732006,-8.67186
2013-05-07 10:30:00,-13.154007,-16.185585
2013-05-07 11:00:00,-20.981995,-17.525898
2013-05-07 11:30:00,-18.95,-22.86348
2013-05-07 12:00:00,-16.161003,-21.496037
2013-05-07 12:30:00,-5.4470024,-18.304424
2013-05-07 13:00:00,-4.4440002,-6.791649
2013-05-07 13:30:00,-10.556999,-6.011856
2013-05-07 14:00:00,-1.9940033,-7.2630997
2013-05-07 14:30:00,-3.5519943,3.8844795
2013-05-07 15:00:00,12.512997,7.136505
2013-05-07 15:30:00,27.328003,26.551313
2013-05-07 16:00:00,38.102005,43.60545
2013-05-07 16:30:00,56.583,57.03408
2013-05-07 17:00:00,80.87399,78.89526
2013-05-07 17:30:00,105.909,108.8241
2013-05-07 18:00:00,129.748,129.46103
2013-05-07 18:30:00,134.90901,137.20193
2013-05-07 19:00:00,128.761,130.9203
2013-05-07 19:30:00,120.651,123.22522
2013-05-07 20:00:00,116.718,117.52861
2013-05-07 20:30:00,107.44301,114.707085
2013-05-07 21:00:00,106.565,108.6566
2013-05-07 21:30:00,99.71901,105.11313
2013-05-07 22:00:00,91.295006,96.07766
2013-05-07 22:30:00,92.188995,84.039894
2013-05-07 23:00:00,86.855,78.50826
2013-05-07 23:30:00,74.306,71.80845
2013-05-08 00:00:00,62.215,62.770977
2013-05-08 00:30:00,53.542995,53.585674
2013-05-08 01:00:00,49.398,48.999268
2013-05-08 01:30:00,47.645,47.38827
2013-05-08 02:00:00,47.048,46.73713
2013-05-08 02:30:00,43.198,46.938587
2013-05-08 03:00:00,40.083,44.693344
2013-05-08 03:30:00,41.436,42.652267
2013-05-08 04:00:00,41.357,42.802914
2013-05-08 04:30:00,40.55,42.809483
2013-05-08 05:00:00,42.802998,43.05317
2013-05-08 05:30:00,45.744,46.352444
2013-05-08 06:00:00,47.498997,51.777245
2013-05-08 06:30:00,60.920002,58.41206
2013-05-08 07:00:00,76.588,73.121475
2013-05-08 07:30:00,76.657,85.39084
2013-05-08 08:00:00,62.624,66.964134
2013-05-08 08:30:00,49.501,47.690792
2013-05-08 09:00:00,28.584,32.643173
2013-05-08 09:30:00,20.618008,11.528984
2013-05-08 10:00:00,17.374996,8.125805
2013-05-08 10:30:00,0.12599945,1.0446472
2013-05-08 11:00:00,-9.018997,-13.119125
2013-05-08 11:30:00,-26.412994,-16.821884
2013-05-08 12:00:00,-23.421005,-27.185066
2013-05-08 12:30:00,-26.915993,-21.75484
2013-05-08 13:00:00,-29.221992,-24.899998
2013-05-08 13:30:00,-20.670013,-25.093681
2013-05-08 14:00:00,-9.724003,-14.074158
2013-05-08 14:30:00,-7.411007,-2.154564
2013-05-08 15:00:00,3.9609947,5.991394
2013-05-08 15:30:00,19.019001,21.592434
2013-05-08 16:00:00,37.228004,39.146072
2013-05-08 16:30:00,59.882,58.727055
2013-05-08 17:00:00,78.81699,82.259415
2013-05-08 17:30:00,99.519,105.224
2013-05-08 18:00:00,120.937996,122.738235
2013-05-08 18:30:00,116.356,131.26706
2013-05-08 19:00:00,114.81801,120.75947
2013-05-08 19:30:00,116.144005,116.22756
2013-05-08 20:00:00,109.007,114.31559
2013-05-08 20:30:00,104.023,109.30363
2013-05-08 21:00:00,100.60001,105.09267
2013-05-08 21:30:00,97.896996,100.28723
2013-05-08 22:00:00,90.901,94.24452
2013-05-08 22:30:00,84.31,83.99466
2013-05-08 23:00:00,76.86101,73.63925
2013-05-08 23:30:00,68.151,65.15549
2013-05-09 00:00:00,56.554996,58.12541
2013-05-09 00:30:00,52.939003,50.23892
2013-05-09 01:00:00,46.222996,48.769997
2013-05-09 01:30:00,47.06,45.45953
2013-05-09 02:00:00,44.610996,45.852528
2013-05-09 02:30:00,43.254,44.86283
2013-05-09 03:00:00,40.735,43.781803
2013-05-09 03:30:00,39.395,42.0219
2013-05-09 04:00:00,38.122997,40.84713
2013-05-09 04:30:00,41.32,40.21115
2013-05-09 05:00:00,39.535,43.006695
2013-05-09 05:30:00,48.694,45.036587
2013-05-09 06:00:00,52.754997,54.578632
2013-05-09 06:30:00,62.049,63.219296
2013-05-09 07:00:00,84.022,75.06008
2013-05-09 07:30:00,79.69699,90.96053
2013-05-09 08:00:00,67.342,69.70329
2013-05-09 08:30:00,30.753998,49.397408
2013-05-09 09:00:00,11.434998,12.943321
2013-05-09 09:30:00,-15.856003,-7.4081955
2013-05-09 10:00:00,-33.311993,-28.23949
2013-05-09 10:30:00,-46.85001,-42.438416
2013-05-09 11:00:00,-49.368996,-50.405552
2013-05-09 11:30:00,-57.159008,-52.127197
2013-05-09 12:00:00,-55.231003,-55.70787
2013-05-09 12:30:00,-53.418,-54.002983
2013-05-09 13:00:00,-54.945,-50.62913
2013-05-09 13:30:00,-48.317993,-48.7879
2013-05-09 14:00:00,-42.06899,-38.90975
2013-05-09 14:30:00,-29.479,-30.644173
2013-05-09 15:00:00,-15.436005,-13.178467
2013-05-09 15:30:00,2.5270004,5.9782104
2013-05-09 16:00:00,25.260998,26.529305
2013-05-09 16:30:00,50.178993,47.610977
2013-05-09 17:00:00,70.19499,70.71228
2013-05-09 17:30:00,98.72001,93.82768
2013-05-09 18:00:00,120.038,118.36141
2013-05-09 18:30:00,120.876,128.01381
2013-05-09 19:00:00,118.438,121.53812
2013-05-09 19:30:00,114.65601,116.14186
2013-05-09 20:00:00,110.271996,112.15696
2013-05-09 20:30:00,103.86201,108.66878
2013-05-09 21:00:00,102.42501,103.68286
2013-05-09 21:30:00,95.311005,99.974594
2013-05-09 22:00:00,92.286,92.39944
2013-05-09 22:30:00,88.01499,85.76893
2013-05-09 23:00:00,80.675995,76.922066
2013-05-09 23:30:00,71.235,68.219955
2013-05-10 00:00:00,60.167004,60.417885
2013-05-10 00:30:00,55.267,51.900818
2013-05-10 01:00:00,46.047,50.49822
2013-05-10 01:30:00,44.17,44.566757
2013-05-10 02:00:00,42.962997,43.752323
2013-05-10 02:30:00,41.013,43.354538
2013-05-10 03:00:00,37.959,41.939396
2013-05-10 03:30:00,38.699,39.631054
2013-05-10 04:00:00,38.044,39.29006
2013-05-10 04:30:00,39.142998,39.035748
2013-05-10 05:00:00,40.409,40.884693
2013-05-10 05:30:00,47.667004,44.342064
2013-05-10 06:00:00,49.392,53.490417
2013-05-10 06:30:00,61.15399,61.232204
2013-05-10 07:00:00,73.37701,73.7462
2013-05-10 07:30:00,68.22301,83.453156
2013-05-10 08:00:00,59.956,62.44142
2013-05-10 08:30:00,37.690002,46.341072
2013-05-10 09:00:00,26.147,20.722248
2013-05-10 09:30:00,3.0179977,7.410309
2013-05-10 10:00:00,-28.131996,-14.412273
2013-05-10 10:30:00,-48.123,-38.45829
2013-05-10 11:00:00,-54.116997,-51.274204
2013-05-10 11:30:00,-59.576996,-55.10422
2013-05-10 12:00:00,-59.704994,-56.26746
2013-05-10 12:30:00,-55.922997,-54.85182
2013-05-10 13:00:00,-53.654003,-49.87863
2013-05-10 13:30:00,-49.71899,-45.05803
2013-05-10 14:00:00,-39.085007,-37.38759
2013-05-10 14:30:00,-29.245998,-26.008835
2013-05-10 15:00:00,-10.002998,-10.927036
2013-05-10 15:30:00,5.8060036,9.308205
2013-05-10 16:00:00,29.455006,28.704208
2013-05-10 16:30:00,53.673,51.065125
2013-05-10 17:00:00,68.625,74.82683
2013-05-10 17:30:00,89.979996,94.11534
2013-05-10 18:00:00,106.468,113.58188
2013-05-10 18:30:00,116.36301,119.07456
2013-05-10 19:00:00,111.72101,117.802635
2013-05-10 19:30:00,104.91801,109.741486
2013-05-10 20:00:00,104.21801,104.33011
2013-05-10 20:30:00,100.812,103.96311
2013-05-10 21:00:00,100.975,101.63838
2013-05-10 21:30:00,99.78601,99.69383
2013-05-10 22:00:00,90.21399,95.68101
2013-05-10 22:30:00,89.20101,85.91019
2013-05-10 23:00:00,78.027,79.432526
2013-05-10 23:30:00,74.211006,67.97354
2013-05-11 00:00:00,65.792,62.746986
2013-05-11 00:30:00,58.912,56.558052
2013-05-11 01:00:00,50.470997,53.044067
2013-05-11 01:30:00,47.760998,47.100838
2013-05-11 02:00:00,47.977,45.856262
2013-05-11 02:30:00,46.465,45.76865
2013-05-11 03:00:00,39.549,44.547413
2013-05-11 03:30:00,43.472,41.086075
2013-05-11 04:00:00,41.371002,41.823864
2013-05-11 04:30:00,42.674,41.210876
2013-05-11 05:00:00,40.941,41.466896
2013-05-11 05:30:00,42.595997,42.41247
2013-05-11 06:00:00,42.759,45.48979
2013-05-11 06:30:00,48.532,49.332417
2013-05-11 07:00:00,62.458,55.68218
2013-05-11 07:30:00,65.431,66.83948
2013-05-11 08:00:00,64.104996,61.969147
2013-05-11 08:30:00,60.164,57.840122
2013-05-11 09:00:00,39.107002,46.039856
2013-05-11 09:30:00,27.352997,23.343124
2013-05-11 10:00:00,26.536,17.817192
2013-05-11 10:30:00,24.448997,19.776962
2013-05-11 11:00:00,24.529,19.833057
2013-05-11 11:30:00,14.269001,20.843636
2013-05-11 12:00:00,25.021004,13.851429
2013-05-11 12:30:00,41.384003,23.116367
2013-05-11 13:00:00,39.155,39.451927
2013-05-11 13:30:00,22.184002,35.27211
2013-05-11 14:00:00,32.531998,25.017464
2013-05-11 14:30:00,44.832,36.126804
2013-05-11 15:00:00,41.115005,47.43775
2013-05-11 15:30:00,52.870007,49.092552
2013-05-11 16:00:00,71.21199,66.57785
2013-05-11 16:30:00,87.006004,85.19686
2013-05-11 17:00:00,100.407,104.65156
2013-05-11 17:30:00,109.507,120.40587
2013-05-11 18:00:00,117.58599,127.181465
2013-05-11 18:30:00,118.51199,127.01944
2013-05-11 19:00:00,115.03999,120.78378
2013-05-11 19:30:00,105.27701,114.207405
2013-05-11 20:00:00,101.28701,106.05639
2013-05-11 20:30:00,95.71,102.66239
2013-05-11 21:00:00,89.66901,97.6116
2013-05-11 21:30:00,84.78,91.104324
2013-05-11 22:00:00,84.701004,85.126175
2013-05-11 22:30:00,81.96999,81.53802
2013-05-11 23:00:00,74.326004,75.15389
2013-05-11 23:30:00,72.561,66.8185
2013-05-12 00:00:00,64.902,63.71884
2013-05-12 00:30:00,59.838997,57.834248
2013-05-12 01:00:00,53.315,54.70829
2013-05-12 01:30:00,49.485996,49.12159
2013-05-12 02:00:00,52.306,47.228745
2013-05-12 02:30:00,48.228996,48.59297
2013-05-12 03:00:00,47.487,46.327812
2013-05-12 03:30:00,47.024002,45.62153
2013-05-12 04:00:00,47.031998,45.257782
2013-05-12 04:30:00,43.525,44.69156
2013-05-12 05:00:00,43.024002,43.424526
2013-05-12 05:30:00,45.797997,44.035202
2013-05-12 06:00:00,44.792995,47.45153
2013-05-12 06:30:00,50.015,49.656174
2013-05-12 07:00:00,59.141,55.964417
2013-05-12 07:30:00,62.283997,64.969765
2013-05-12 08:00:00,58.503002,55.938534
2013-05-12 08:30:00,46.863,48.666855
2013-05-12 09:00:00,35.554005,33.716812
2013-05-12 09:30:00,21.170998,19.630745
2013-05-12 10:00:00,-0.72099304,6.7187653
2013-05-12 10:30:00,-15.428993,-10.252991
2013-05-12 11:00:00,-34.151,-22.441582
2013-05-12 11:30:00,-38.663002,-35.310646
2013-05-12 12:00:00,-38.851997,-37.02246
2013-05-12 12:30:00,-29.054,-34.622116
2013-05-12 13:00:00,-25.087997,-24.520393
2013-05-12 13:30:00,-34.226997,-18.92154
2013-05-12 14:00:00,-28.325005,-20.960052
2013-05-12 14:30:00,-13.466003,-10.5093155
2013-05-12 15:00:00,-0.59200287,7.515999
2013-05-12 15:30:00,14.479,22.703415
2013-05-12 16:00:00,40.405,41.466187
2013-05-12 16:30:00,63.297,64.335106
2013-05-12 17:00:00,81.411,85.86116
2013-05-12 17:30:00,104.592995,106.88347
2013-05-12 18:00:00,118.61101,126.29433
2013-05-12 18:30:00,118.815994,129.38576
2013-05-12 19:00:00,113.701,121.85939
2013-05-12 19:30:00,113.824005,113.569595
2013-05-12 20:00:00,105.006,110.74916
2013-05-12 20:30:00,101.288994,104.04145
2013-05-12 21:00:00,96.22001,100.64949
2013-05-12 21:30:00,93.015015,95.62288
2013-05-12 22:00:00,87.51601,90.7182
2013-05-12 22:30:00,82.175995,83.14962
2013-05-12 23:00:00,77.15,73.96704
2013-05-12 23:30:00,69.449,67.59861
2013-05-13 00:00:00,62.847996,61.23229
2013-05-13 00:30:00,56.104,53.691936
2013-05-13 01:00:00,49.838,49.67155
2013-05-13 01:30:00,46.178997,46.49451
2013-05-13 02:00:00,46.068,45.48576
2013-05-13 02:30:00,43.718,45.270718
2013-05-13 03:00:00,41.022003,43.63377
2013-05-13 03:30:00,40.046,41.884106
2013-05-13 04:00:00,39.924,40.666496
2013-05-13 04:30:00,39.952,40.09251
2013-05-13 05:00:00,41.473,40.79226
2013-05-13 05:30:00,44.771004,43.50074
2013-05-13 06:00:00,48.512997,49.7552
2013-05-13 06:30:00,58.739,57.72596
2013-05-13 07:00:00,76.015,70.51193
2013-05-13 07:30:00,75.406,84.25214
2013-05-13 08:00:00,68.062,70.08087
2013-05-13 08:30:00,59.724003,57.316635
2013-05-13 09:00:00,51.778,45.480206
2013-05-13 09:30:00,38.505997,36.196976
2013-05-13 10:00:00,27.298,22.474106
2013-05-13 10:30:00,8.626999,16.73991
2013-05-13 11:00:00,-28.237003,-0.5675888
2013-05-13 11:30:00,-12.310001,-27.700485
2013-05-13 12:00:00,-18.240005,-6.9211197
2013-05-13 12:30:00,-11.591999,-17.176956
2013-05-13 13:00:00,11.451992,-7.0070343
2013-05-13 13:30:00,32.799004,12.320965
2013-05-13 14:00:00,44.11401,30.148842
2013-05-13 14:30:00,46.347,39.680145
2013-05-13 15:00:00,36.693,44.659447
2013-05-13 15:30:00,42.111008,42.766415
2013-05-13 16:00:00,52.687,54.40493
2013-05-13 16:30:00,69.467,68.19804
2013-05-13 17:00:00,91.939,89.00418
2013-05-13 17:30:00,114.33399,116.80439
2013-05-13 18:00:00,134.20403,131.99017
2013-05-13 18:30:00,140.959,137.05266
2013-05-13 19:00:00,129.926,132.99722
2013-05-13 19:30:00,119.121994,122.472275
2013-05-13 20:00:00,116.634,115.83456
2013-05-13 20:30:00,105.442,114.25912
2013-05-13 21:00:00,102.353004,106.74913
2013-05-13 21:30:00,96.082016,102.360855
2013-05-13 22:00:00,89.07501,94.14942
2013-05-13 22:30:00,83.29,84.18591
2013-05-13 23:00:00,86.787,74.49826
2013-05-13 23:30:00,73.236,72.415886
2013-05-14 00:00:00,63.100998,62.932407
2013-05-14 00:30:00,53.875996,55.428192
2013-05-14 01:00:00,46.264,47.691864
2013-05-14 01:30:00,46.739002,44.14873
2013-05-14 02:00:00,47.952,44.861355
2013-05-14 02:30:00,44.963997,45.623253
2013-05-14 03:00:00,42.728,43.79974
2013-05-14 03:30:00,40.162,42.459206
2013-05-14 04:00:00,39.116997,40.700768
2013-05-14 04:30:00,40.156998,40.158024
2013-05-14 05:00:00,43.125,41.5771
2013-05-14 05:30:00,47.361996,45.140472
2013-05-14 06:00:00,50.743004,51.177273
2013-05-14 06:30:00,57.493996,60.6836
2013-05-14 07:00:00,75.217,71.744255
2013-05-14 07:30:00,82.24899,86.06687
2013-05-14 08:00:00,83.953995,85.33345
2013-05-14 08:30:00,76.14,78.00449
2013-05-14 09:00:00,75.106995,67.82023
2013-05-14 09:30:00,60.698997,66.77271
2013-05-14 10:00:00,46.503006,52.089592
2013-05-14 10:30:00,26.644997,34.115498
2013-05-14 11:00:00,8.220001,12.796547
2013-05-14 11:30:00,-2.645012,-2.9476776
2013-05-14 12:00:00,-3.3969955,-11.919731
2013-05-14 12:30:00,-18.280998,-13.736885
2013-05-14 13:00:00,-28.291008,-26.01854
2013-05-14 13:30:00,-33.904,-32.690285
2013-05-14 14:00:00,-24.432,-30.84922
2013-05-14 14:30:00,-11.676006,-18.618137
2013-05-14 15:00:00,1.8860016,-2.6932678
2013-05-14 15:30:00,18.793999,14.175739
2013-05-14 16:00:00,38.404995,34.534023
2013-05-14 16:30:00,58.304,55.32798
2013-05-14 17:00:00,81.476,77.80723
2013-05-14 17:30:00,110.288,109.46093
2013-05-14 18:00:00,129.02399,134.28566
2013-05-14 18:30:00,126.559,138.94044
2013-05-14 19:00:00,120.82001,128.2442
2013-05-14 19:30:00,124.515,120.60667
2013-05-14 20:00:00,118.735,121.15183
2013-05-14 20:30:00,115.578,116.63343
2013-05-14 21:00:00,107.73399,114.08478
2013-05-14 21:30:00,97.102,106.51385
2013-05-14 22:00:00,97.855,95.14143
2013-05-14 22:30:00,94.951,89.26541
2013-05-14 23:00:00,80.583984,80.81274
2013-05-14 23:30:00,72.137,67.50336
2013-05-15 00:00:00,64.05,59.798954
2013-05-15 00:30:00,52.191998,52.90624
2013-05-15 01:00:00,51.854,46.912777
2013-05-15 01:30:00,51.731,47.68035
2013-05-15 02:00:00,48.873005,48.47985
2013-05-15 02:30:00,44.729,47.186195
2013-05-15 03:00:00,42.584,45.002907
2013-05-15 03:30:00,44.548,43.670864
2013-05-15 04:00:00,43.287,44.469772
2013-05-15 04:30:00,43.792004,44.247314
2013-05-15 05:00:00,43.465996,45.757496
2013-05-15 05:30:00,47.645996,47.97722
2013-05-15 06:00:00,55.743,55.195972
2013-05-15 06:30:00,68.116,67.544304
2013-05-15 07:00:00,92.594,84.504906
2013-05-15 07:30:00,91.590996,102.95673
2013-05-15 08:00:00,76.601,80.08891
2013-05-15 08:30:00,52.204,57.632866
2013-05-15 09:00:00,19.915005,26.196056
2013-05-15 09:30:00,-3.4500046,-4.3870773
2013-05-15 10:00:00,-19.057,-23.297401
2013-05-15 10:30:00,-34.547005,-36.11413
2013-05-15 11:00:00,-50.855003,-43.987267
2013-05-15 11:30:00,-57.962994,-53.962593
2013-05-15 12:00:00,-53.322998,-56.25414
2013-05-15 12:30:00,-46.909004,-51.921898
2013-05-15 13:00:00,-55.663998,-45.995934
2013-05-15 13:30:00,-46.140007,-47.636097
2013-05-15 14:00:00,-41.22101,-34.770737
2013-05-15 14:30:00,-24.027996,-25.353878
2013-05-15 15:00:00,-2.9520035,-3.5499039
2013-05-15 15:30:00,21.355,18.108002
2013-05-15 16:00:00,45.488,42.296547
2013-05-15 16:30:00,68.343,65.68247
2013-05-15 17:00:00,94.00399,91.00245
2013-05-15 17:30:00,112.788,120.98122
2013-05-15 18:00:00,123.765,136.05475
2013-05-15 18:30:00,134.781,137.11476
2013-05-15 19:00:00,135.248,136.48944
2013-05-15 19:30:00,122.770996,130.70044
2013-05-15 20:00:00,132.69301,121.643105
2013-05-15 20:30:00,127.218994,127.30083
2013-05-15 21:00:00,111.038,122.27308
2013-05-15 21:30:00,103.46,109.810486
2013-05-15 22:00:00,95.388,101.102776
2013-05-15 22:30:00,93.455,89.48155
2013-05-15 23:00:00,82.006004,81.084496
2013-05-15 23:30:00,71.554,69.07226
2013-05-16 00:00:00,58.704,59.962055
2013-05-16 00:30:00,49.892,51.60085
2013-05-16 01:00:00,46.968,46.92557
2013-05-16 01:30:00,49.175,46.02576
2013-05-16 02:00:00,48.554,47.246735
2013-05-16 02:30:00,43.46,47.549923
2013-05-16 03:00:00,41.37,45.13806
2013-05-16 03:30:00,40.75,43.521816
2013-05-16 04:00:00,39.969997,42.760735
2013-05-16 04:30:00,41.239,42.426037
2013-05-16 05:00:00,41.264996,44.020607
2013-05-16 05:30:00,44.385002,46.674076
2013-05-16 06:00:00,51.927994,52.609985
2013-05-16 06:30:00,65.141,63.960293
2013-05-16 07:00:00,83.661,79.89294
2013-05-16 07:30:00,96.021,93.89389
2013-05-16 08:00:00,74.08099,84.61055
2013-05-16 08:30:00,46.693,57.451107
2013-05-16 09:00:00,20.028,25.753597
2013-05-16 09:30:00,-3.6970139,-0.33644104
2013-05-16 10:00:00,-27.256996,-20.568565
2013-05-16 10:30:00,-39.784,-38.519676
2013-05-16 11:00:00,-51.07501,-45.020233
2013-05-16 11:30:00,-34.935005,-53.478477
2013-05-16 12:00:00,-19.682999,-35.73629
2013-05-16 12:30:00,-15.536011,-23.821808
2013-05-16 13:00:00,-13.13501,-20.024971
2013-05-16 13:30:00,-17.048996,-14.504791
2013-05-16 14:00:00,1.4980011,-11.8478775
2013-05-16 14:30:00,26.560001,7.6951485
2013-05-16 15:00:00,30.602001,30.001793
2013-05-16 15:30:00,32.648003,38.380035
2013-05-16 16:00:00,49.072998,49.08005
2013-05-16 16:30:00,65.87399,67.66654
2013-05-16 17:00:00,84.47899,88.452225
2013-05-16 17:30:00,112.67701,113.46031
2013-05-16 18:00:00,142.73299,136.60913
2013-05-16 18:30:00,144.076,147.79509
2013-05-16 19:00:00,127.653,139.21664
2013-05-16 19:30:00,126.089,125.89531
2013-05-16 20:00:00,121.85,124.627426
2013-05-16 20:30:00,117.48501,121.27725
2013-05-16 21:00:00,112.29401,116.67726
2013-05-16 21:30:00,107.48101,110.40604
2013-05-16 22:00:00,104.432,103.53608
2013-05-16 22:30:00,98.586006,96.37473
2013-05-16 23:00:00,87.579,85.71869
2013-05-16 23:30:00,78.62501,73.324776
2013-05-17 00:00:00,69.590996,64.44097
2013-05-17 00:30:00,58.188,57.52998
2013-05-17 01:00:00,51.71,51.584545
2013-05-17 01:30:00,50.191,47.5523
2013-05-17 02:00:00,49.098,47.61482
2013-05-17 02:30:00,44.826004,47.20318
2013-05-17 03:00:00,43.193005,45.344837
2013-05-17 03:30:00,44.269,44.254787
2013-05-17 04:00:00,40.65,44.531174
2013-05-17 04:30:00,40.317,43.026657
2013-05-17 05:00:00,43.488995,43.167557
2013-05-17 05:30:00,47.0,47.271748
2013-05-17 06:00:00,52.765,54.800392
2013-05-17 06:30:00,62.232998,65.39956
2013-05-17 07:00:00,84.41901,80.01412
2013-05-17 07:30:00,88.364,97.50467
2013-05-17 08:00:00,81.36099,79.35963
2013-05-17 08:30:00,49.361,61.92832
2013-05-17 09:00:00,22.58699,26.007866
2013-05-17 09:30:00,-0.6919937,-1.9726334
2013-05-17 10:00:00,-24.222992,-19.944939
2013-05-17 10:30:00,-35.579994,-37.576637
2013-05-17 11:00:00,-50.518,-44.962624
2013-05-17 11:30:00,-49.580994,-53.52167
2013-05-17 12:00:00,-52.925995,-51.35572
2013-05-17 12:30:00,-54.958,-51.93293
2013-05-17 13:00:00,-48.114006,-49.42871
2013-05-17 13:30:00,-46.989002,-42.48475
2013-05-17 14:00:00,-34.497993,-35.87067
2013-05-17 14:30:00,-20.251991,-22.433865
2013-05-17 15:00:00,-6.5879974,-4.354988
2013-05-17 15:30:00,16.438004,13.993565
2013-05-17 16:00:00,39.172,38.787228
2013-05-17 16:30:00,66.89101,62.461678
2013-05-17 17:00:00,87.589,90.11413
2013-05-17 17:30:00,118.406006,116.73109
2013-05-17 18:00:00,137.075,142.59956
2013-05-17 18:30:00,140.052,146.2274
2013-05-17 19:00:00,134.43199,139.4271
2013-05-17 19:30:00,133.85501,131.06508
2013-05-17 20:00:00,131.48401,129.45149
2013-05-17 20:30:00,130.009,127.31622
2013-05-17 21:00:00,125.364006,125.658615
2013-05-17 21:30:00,117.071,120.51776
2013-05-17 22:00:00,112.298,111.27693
2013-05-17 22:30:00,107.158,103.25686
2013-05-17 23:00:00,93.429,93.9004
2013-05-17 23:30:00,82.088005,80.02931
2013-05-18 00:00:00,74.684,69.265976
2013-05-18 00:30:00,63.103996,62.550777
2013-05-18 01:00:00,56.911,56.30013
2013-05-18 01:30:00,53.809002,52.11578
2013-05-18 02:00:00,50.688,51.00379
2013-05-18 02:30:00,48.482998,49.040974
2013-05-18 03:00:00,46.711002,47.85502
2013-05-18 03:30:00,45.312,46.605072
2013-05-18 04:00:00,42.427,45.7676
2013-05-18 04:30:00,45.779995,44.38226
2013-05-18 05:00:00,47.517,46.619865
2013-05-18 05:30:00,44.933,49.215954
2013-05-18 06:00:00,48.726997,50.943455
2013-05-18 06:30:00,54.28,57.800056
2013-05-18 07:00:00,67.664,66.370476
2013-05-18 07:30:00,74.998,78.92506
2013-05-18 08:00:00,77.262,69.53454
2013-05-18 08:30:00,66.30599,63.961212
2013-05-18 09:00:00,44.544994,46.091423
2013-05-18 09:30:00,16.559006,23.00309
2013-05-18 10:00:00,-0.5859909,0.3451767
2013-05-18 10:30:00,-22.233994,-15.2445755
2013-05-18 11:00:00,-34.538994,-30.123444
2013-05-18 11:30:00,-34.76599,-38.177742
2013-05-18 12:00:00,-41.04799,-36.26396
2013-05-18 12:30:00,-41.800003,-39.12525
2013-05-18 13:00:00,-35.093987,-37.374474
2013-05-18 13:30:00,-31.987,-30.559357
2013-05-18 14:00:00,-24.789017,-23.43718
2013-05-18 14:30:00,-7.215004,-13.405022
2013-05-18 15:00:00,6.5500107,8.103683
2013-05-18 15:30:00,27.444008,26.553337
2013-05-18 16:00:00,47.90001,50.574802
2013-05-18 16:30:00,74.45401,72.361664
2013-05-18 17:00:00,92.141,100.69621
2013-05-18 17:30:00,123.347984,120.03335
2013-05-18 18:00:00,138.21901,144.03084
2013-05-18 18:30:00,141.052,144.51941
2013-05-18 19:00:00,137.866,139.35365
2013-05-18 19:30:00,135.048,132.73213
2013-05-18 20:00:00,130.539,130.12932
2013-05-18 20:30:00,128.31099,126.51565
2013-05-18 21:00:00,119.21999,123.447914
2013-05-18 21:30:00,119.80701,114.97275
2013-05-18 22:00:00,113.47001,111.929474
2013-05-18 22:30:00,109.838005,103.278145
2013-05-18 23:00:00,93.787994,94.71424
2013-05-18 23:30:00,83.655,79.987144
2013-05-19 00:00:00,68.406,71.38019
2013-05-19 00:30:00,63.775005,60.373554
2013-05-19 01:00:00,54.276,57.960575
2013-05-19 01:30:00,52.655,51.129097
2013-05-19 02:00:00,50.924,50.56138
2013-05-19 02:30:00,46.623997,49.35516
2013-05-19 03:00:00,48.107998,46.808174
2013-05-19 03:30:00,45.131,47.39206
2013-05-19 04:00:00,47.578,46.107864
2013-05-19 04:30:00,47.559,47.246365
2013-05-19 05:00:00,49.232,48.371193
2013-05-19 05:30:00,50.184994,50.797295
2013-05-19 06:00:00,57.730995,54.5326
2013-05-19 06:30:00,58.023,64.0035
2013-05-19 07:00:00,69.799995,69.13177
2013-05-19 07:30:00,79.64001,80.95586
2013-05-19 08:00:00,82.834,74.31763
2013-05-19 08:30:00,63.388,70.54016
2013-05-19 09:00:00,42.706,48.63495
2013-05-19 09:30:00,25.729996,26.109016
2013-05-19 10:00:00,-0.6609955,8.26722
2013-05-19 10:30:00,-17.095001,-14.087051
2013-05-19 11:00:00,-30.024002,-25.927849
2013-05-19 11:30:00,-33.139,-33.654823
2013-05-19 12:00:00,-34.179993,-33.944695
2013-05-19 12:30:00,-36.311005,-33.238304
2013-05-19 13:00:00,-34.921997,-32.66726
2013-05-19 13:30:00,-37.405006,-28.546928
2013-05-19 14:00:00,-33.03499,-24.817741
2013-05-19 14:30:00,-15.144997,-16.35212
2013-05-19 15:00:00,3.5879974,4.769699
2013-05-19 15:30:00,33.742004,27.076035
2013-05-19 16:00:00,58.172005,57.080124
2013-05-19 16:30:00,88.135994,81.88215
2013-05-19 17:00:00,111.84599,113.144165
2013-05-19 17:30:00,127.944,138.84674
2013-05-19 18:00:00,146.075,150.93806
2013-05-19 18:30:00,149.569,155.7212
2013-05-19 19:00:00,145.86101,148.21722
2013-05-19 19:30:00,152.68098,141.29272
2013-05-19 20:00:00,140.617,143.74593
2013-05-19 20:30:00,131.397,133.94398
2013-05-19 21:00:00,126.90201,126.41494
2013-05-19 21:30:00,114.371,121.51814
2013-05-19 22:00:00,110.11001,109.07693
2013-05-19 22:30:00,99.813,101.15207
2013-05-19 23:00:00,94.74401,87.75435
2013-05-19 23:30:00,74.40199,79.928986
2013-05-20 00:00:00,64.631,66.17617
2013-05-20 00:30:00,56.434002,56.757538
2013-05-20 01:00:00,54.433,51.27337
2013-05-20 01:30:00,53.728,50.084106
2013-05-20 02:00:00,52.935997,51.419926
2013-05-20 02:30:00,48.174,50.56167
2013-05-20 03:00:00,46.263,47.87983
2013-05-20 03:30:00,45.647,46.331707
2013-05-20 04:00:00,44.079,45.98803
2013-05-20 04:30:00,44.409,45.428185
2013-05-20 05:00:00,48.915,46.341526
2013-05-20 05:30:00,51.635002,52.22449
2013-05-20 06:00:00,56.714,59.304893
2013-05-20 06:30:00,75.933,70.46307
2013-05-20 07:00:00,99.02599,93.87521
2013-05-20 07:30:00,107.10899,111.01564
2013-05-20 08:00:00,91.184006,94.513054
2013-05-20 08:30:00,53.565994,71.73377
2013-05-20 09:00:00,36.705994,33.528484
2013-05-20 09:30:00,13.318001,10.174255
2013-05-20 10:00:00,-13.880997,-9.735733
2013-05-20 10:30:00,-17.177002,-29.977264
2013-05-20 11:00:00,-34.533005,-31.276802
2013-05-20 11:30:00,-45.366005,-43.17887
2013-05-20 12:00:00,-48.668,-48.20513
2013-05-20 12:30:00,-51.907997,-47.662422
2013-05-20 13:00:00,-46.601997,-47.845146
2013-05-20 13:30:00,-31.654991,-40.447437
2013-05-20 14:00:00,-20.713001,-23.294815
2013-05-20 14:30:00,-14.932003,-10.3643265
2013-05-20 15:00:00,3.2210045,0.774807
2013-05-20 15:30:00,21.725002,22.902
2013-05-20 16:00:00,42.062996,44.348022
2013-05-20 16:30:00,67.106,65.886154
2013-05-20 17:00:00,100.25099,93.6969
2013-05-20 17:30:00,128.529,130.9234
2013-05-20 18:00:00,154.376,151.3815
2013-05-20 18:30:00,162.64801,160.12701
2013-05-20 19:00:00,156.711,155.47226
2013-05-20 19:30:00,152.71,147.18382
2013-05-20 20:00:00,153.731,144.47542
2013-05-20 20:30:00,144.185,144.58687
2013-05-20 21:00:00,141.03,136.22026
2013-05-20 21:30:00,129.90999,131.0548
2013-05-20 22:00:00,118.715996,118.02287
2013-05-20 22:30:00,111.81,104.32428
2013-05-20 23:00:00,97.306,93.35097
2013-05-20 23:30:00,84.363,79.817406
2013-05-21 00:00:00,66.560005,69.79812
2013-05-21 00:30:00,60.404995,57.493645
2013-05-21 01:00:00,57.183002,51.753597
2013-05-21 01:30:00,53.286,51.26371
2013-05-21 02:00:00,50.546997,49.793324
2013-05-21 02:30:00,48.705,48.270943
2013-05-21 03:00:00,48.038998,47.39641
2013-05-21 03:30:00,48.057,47.08227
2013-05-21 04:00:00,44.555,47.115322
2013-05-21 04:30:00,45.945,45.349102
2013-05-21 05:00:00,49.114002,46.62258
2013-05-21 05:30:00,52.951,50.974895
2013-05-21 06:00:00,57.784,58.955875
2013-05-21 06:30:00,70.41601,71.48331
2013-05-21 07:00:00,96.293,89.46996
2013-05-21 07:30:00,104.371994,108.29394
2013-05-21 08:00:00,91.366,91.33777
2013-05-21 08:30:00,55.774002,70.27317
2013-05-21 09:00:00,27.409,33.270313
2013-05-21 09:30:00,5.284004,3.954033
2013-05-21 10:00:00,-4.0949936,-11.24958
2013-05-21 10:30:00,-25.052002,-16.158318
2013-05-21 11:00:00,-31.770996,-30.014984
2013-05-21 11:30:00,-38.911007,-32.627113
2013-05-21 12:00:00,-37.379013,-35.829403
2013-05-21 12:30:00,-43.409996,-36.269005
2013-05-21 13:00:00,-38.979004,-37.6689
2013-05-21 13:30:00,-21.331005,-31.191338
2013-05-21 14:00:00,2.2239952,-9.514477
2013-05-21 14:30:00,0.57300186,9.844624
2013-05-21 15:00:00,7.866993,13.384682
2013-05-21 15:30:00,22.594997,26.583874
2013-05-21 16:00:00,44.825996,44.63231
2013-05-21 16:30:00,63.605,64.98161
2013-05-21 17:00:00,85.72199,85.85935
2013-05-21 17:30:00,115.392006,117.66587
2013-05-21 18:00:00,129.00099,141.22198
2013-05-21 18:30:00,133.154,141.04279
2013-05-21 19:00:00,133.58601,134.85606
2013-05-21 19:30:00,131.876,130.14154
2013-05-21 20:00:00,132.40001,127.60739
2013-05-21 20:30:00,129.93399,127.24201
2013-05-21 21:00:00,124.397,124.06596
2013-05-21 21:30:00,118.979004,117.99417
2013-05-21 22:00:00,110.712006,109.820114
2013-05-21 22:30:00,110.774,97.888855
2013-05-21 23:00:00,96.914,90.66123
2013-05-21 23:30:00,82.748,77.943825
2013-05-22 00:00:00,67.139,67.46105
2013-05-22 00:30:00,59.123997,56.073944
2013-05-22 01:00:00,53.733,51.50043
2013-05-22 01:30:00,54.083,49.51987
2013-05-22 02:00:00,51.412,50.113327
2013-05-22 02:30:00,51.78599,48.991108
2013-05-22 03:00:00,47.858,49.174767
2013-05-22 03:30:00,46.853,47.021587
2013-05-22 04:00:00,47.908997,46.017994
2013-05-22 04:30:00,50.078,46.80399
2013-05-22 05:00:00,51.575005,49.348316
2013-05-22 05:30:00,56.428997,52.99075
2013-05-22 06:00:00,58.273994,60.20947
2013-05-22 06:30:00,80.89099,68.52579
2013-05-22 07:00:00,103.76799,91.55524
2013-05-22 07:30:00,112.834,106.78775
2013-05-22 08:00:00,109.881,99.76231
2013-05-22 08:30:00,81.47299,86.798134
2013-05-22 09:00:00,60.036,61.204952
2013-05-22 09:30:00,37.826004,40.61701
2013-05-22 10:00:00,23.883999,21.305702
2013-05-22 10:30:00,20.471,13.129505
2013-05-22 11:00:00,32.94,13.130661
2013-05-22 11:30:00,35.961987,28.364006
2013-05-22 12:00:00,40.658997,29.55732
2013-05-22 12:30:00,48.491005,35.88229
2013-05-22 13:00:00,60.66501,44.19733
2013-05-22 13:30:00,68.990005,57.39679
2013-05-22 14:00:00,70.706,63.482536
2013-05-22 14:30:00,66.664,67.254265
2013-05-22 15:00:00,66.767006,67.47814
2013-05-22 15:30:00,82.361,72.205475
2013-05-22 16:00:00,82.415,88.017075
2013-05-22 16:30:00,98.49099,95.64621
2013-05-22 17:00:00,115.84,120.74354
2013-05-22 17:30:00,140.785,144.66103
2013-05-22 18:00:00,164.087,161.07751
2013-05-22 18:30:00,172.53902,168.50822
2013-05-22 19:00:00,176.32101,166.61848
2013-05-22 19:30:00,168.08101,166.00633
2013-05-22 20:00:00,162.78801,159.49034
2013-05-22 20:30:00,151.386,155.66924
2013-05-22 21:00:00,145.2,145.70383
2013-05-22 21:30:00,131.28,136.90552
2013-05-22 22:00:00,117.889,121.8713
2013-05-22 22:30:00,111.13,105.64856
2013-05-22 23:00:00,102.259995,94.16497
2013-05-22 23:30:00,96.117,83.00329
2013-05-23 00:00:00,75.688,76.75407
2013-05-23 00:30:00,60.464,63.46795
2013-05-23 01:00:00,56.245995,54.685055
2013-05-23 01:30:00,50.756996,52.43296
2013-05-23 02:00:00,53.238003,49.58476
2013-05-23 02:30:00,53.016003,51.0424
2013-05-23 03:00:00,47.129997,51.439495
2013-05-23 03:30:00,48.279,48.08408
2013-05-23 04:00:00,48.463,48.732258
2013-05-23 04:30:00,49.729004,49.167965
2013-05-23 05:00:00,47.836002,50.556065
2013-05-23 05:30:00,55.625,51.529488
2013-05-23 06:00:00,57.168,61.167652
2013-05-23 06:30:00,74.219,70.422325
2013-05-23 07:00:00,100.36,92.70267
2013-05-23 07:30:00,112.862,114.36018
2013-05-23 08:00:00,111.668,117.314125
2013-05-23 08:30:00,93.78001,105.20476
2013-05-23 09:00:00,80.664,86.142494
2013-05-23 09:30:00,72.349,72.41536
2013-05-23 10:00:00,55.492996,67.70611
2013-05-23 10:30:00,56.343002,53.87452
2013-05-23 11:00:00,53.900993,56.00917
2013-05-23 11:30:00,46.740997,53.773163
2013-05-23 12:00:00,38.146004,47.749126
2013-05-23 12:30:00,61.29399,38.365402
2013-05-23 13:00:00,66.81099,61.049286
2013-05-23 13:30:00,67.761,64.20393
2013-05-23 14:00:00,72.405,66.08357
2013-05-23 14:30:00,66.155,71.65365
2013-05-23 15:00:00,63.709007,70.99829
2013-05-23 15:30:00,71.965004,72.59204
2013-05-23 16:00:00,87.367004,84.79286
2013-05-23 16:30:00,105.61599,102.45212
2013-05-23 17:00:00,126.03,128.72191
2013-05-23 17:30:00,145.092,156.09554
2013-05-23 18:00:00,159.542,169.16833
2013-05-23 18:30:00,155.98903,169.71211
2013-05-23 19:00:00,159.15,158.77432
2013-05-23 19:30:00,153.653,155.9766
2013-05-23 20:00:00,144.946,150.08043
2013-05-23 20:30:00,145.124,142.5627
2013-05-23 21:00:00,129.88701,141.16618
2013-05-23 21:30:00,131.564,126.91315
2013-05-23 22:00:00,122.547,123.5053
2013-05-23 22:30:00,104.062996,111.6107
2013-05-23 23:00:00,93.605,91.93742
2013-05-23 23:30:00,78.718,79.68301
2013-05-24 00:00:00,72.317,67.7956
2013-05-24 00:30:00,60.983,62.337162
2013-05-24 01:00:00,59.111,56.48269
2013-05-24 01:30:00,54.675,54.559864
2013-05-24 02:00:00,52.167,52.697388
2013-05-24 02:30:00,51.112,50.660824
2013-05-24 03:00:00,46.528,50.42748
2013-05-24 03:30:00,51.801003,48.27701
2013-05-24 04:00:00,47.808,50.372864
2013-05-24 04:30:00,49.470997,49.10341
2013-05-24 05:00:00,47.621998,50.0112
2013-05-24 05:30:00,55.03,50.88096
2013-05-24 06:00:00,58.398994,59.702263
2013-05-24 06:30:00,67.706,69.5156
2013-05-24 07:00:00,98.698006,85.38251
2013-05-24 07:30:00,112.63501,110.10465
2013-05-24 08:00:00,98.01701,110.64028
2013-05-24 08:30:00,75.991,88.798065
2013-05-24 09:00:00,49.266,64.46156
2013-05-24 09:30:00,25.96801,36.16754
2013-05-24 10:00:00,5.090996,15.356766
2013-05-24 10:30:00,-8.464996,-0.4866562
2013-05-24 11:00:00,-3.6809998,-7.4735184
2013-05-24 11:30:00,4.0790024,-0.3099289
2013-05-24 12:00:00,12.441994,8.135582
2013-05-24 12:30:00,10.544998,16.100266
2013-05-24 13:00:00,19.155003,12.6489105
2013-05-24 13:30:00,23.934994,17.656162
2013-05-24 14:00:00,26.428001,24.867172
2013-05-24 14:30:00,23.184002,29.239037
2013-05-24 15:00:00,28.623001,33.93435
2013-05-24 15:30:00,37.783005,44.746338
2013-05-24 16:00:00,58.277992,58.779232
2013-05-24 16:30:00,74.828995,79.80523
2013-05-24 17:00:00,98.82601,101.28144
2013-05-24 17:30:00,130.24,129.11635
2013-05-24 18:00:00,152.21701,152.10605
2013-05-24 18:30:00,159.299,157.83792
2013-05-24 19:00:00,152.75,153.80034
2013-05-24 19:30:00,145.73398,144.85884
2013-05-24 20:00:00,135.88701,139.65761
2013-05-24 20:30:00,130.17099,132.77168
2013-05-24 21:00:00,128.79802,127.99994
2013-05-24 21:30:00,113.11499,123.31476
2013-05-24 22:00:00,108.783005,108.8332
2013-05-24 22:30:00,103.21,101.14146
2013-05-24 23:00:00,99.273994,92.38633
2013-05-24 23:30:00,87.798,83.666504
2013-05-25 00:00:00,72.306,73.16988
2013-05-25 00:30:00,60.32,62.334637
2013-05-25 01:00:00,53.351,55.767776
2013-05-25 01:30:00,53.555,50.699966
2013-05-25 02:00:00,50.704,51.31534
2013-05-25 02:30:00,51.240997,49.24645
2013-05-25 03:00:00,53.62,49.610275
2013-05-25 03:30:00,53.579998,49.927975
2013-05-25 04:00:00,46.287003,50.19304
2013-05-25 04:30:00,46.895,46.487316
2013-05-25 05:00:00,48.941,47.34136
2013-05-25 05:30:00,54.52,49.913994
2013-05-25 06:00:00,54.807003,56.654156
2013-05-25 06:30:00,66.606995,61.153866
2013-05-25 07:00:00,85.156006,74.120705
2013-05-25 07:30:00,83.753,91.772964
2013-05-25 08:00:00,78.694,85.61984
2013-05-25 08:30:00,59.448997,74.40416
2013-05-25 09:00:00,45.017998,52.121048
2013-05-25 09:30:00,30.334003,34.192535
2013-05-25 10:00:00,17.319992,19.71634
2013-05-25 10:30:00,-10.406006,6.1523666
2013-05-25 11:00:00,-11.156998,-17.192703
2013-05-25 11:30:00,-13.326004,-16.079086
2013-05-25 12:00:00,-8.712997,-16.136887
2013-05-25 12:30:00,-11.222992,-10.977798
2013-05-25 13:00:00,-17.728989,-12.176582
2013-05-25 13:30:00,-8.102005,-14.472267
2013-05-25 14:00:00,-7.574005,-2.593216
2013-05-25 14:30:00,5.282997,1.8126221
2013-05-25 15:00:00,16.512997,18.873508
2013-05-25 15:30:00,38.826992,35.96263
2013-05-25 16:00:00,60.439003,60.05236
2013-05-25 16:30:00,74.30699,82.33316
2013-05-25 17:00:00,97.463005,100.0869
2013-05-25 17:30:00,134.926,124.49299
2013-05-25 18:00:00,148.829,151.01692
2013-05-25 18:30:00,152.79102,149.68683
2013-05-25 19:00:00,141.34302,145.5874
2013-05-25 19:30:00,138.703,134.77034
2013-05-25 20:00:00,131.315,132.90009
2013-05-25 20:30:00,127.65501,127.53513
2013-05-25 21:00:00,115.705,122.64712
2013-05-25 21:30:00,117.548004,111.980515
2013-05-25 22:00:00,114.26501,108.853195
2013-05-25 22:30:00,110.84299,102.81092
2013-05-25 23:00:00,101.017,94.59401
2013-05-25 23:30:00,89.006004,84.35036
2013-05-26 00:00:00,79.338005,74.901436
2013-05-26 00:30:00,67.33199,67.50937
2013-05-26 01:00:00,56.32,59.96696
2013-05-26 01:30:00,55.145996,51.804317
2013-05-26 02:00:00,56.780003,51.36482
2013-05-26 02:30:00,53.168,52.085682
2013-05-26 03:00:00,50.341,49.811108
2013-05-26 03:30:00,48.798,48.218155
2013-05-26 04:00:00,48.524,47.490402
2013-05-26 04:30:00,47.371002,47.66803
2013-05-26 05:00:00,47.163,47.39612
2013-05-26 05:30:00,54.031998,48.65579
2013-05-26 06:00:00,53.384003,55.57759
2013-05-26 06:30:00,59.692,59.3801
2013-05-26 07:00:00,72.82501,68.37401
2013-05-26 07:30:00,84.604996,82.349785
2013-05-26 08:00:00,86.994,80.26227
2013-05-26 08:30:00,67.841,73.83351
2013-05-26 09:00:00,49.360985,51.9889
2013-05-26 09:30:00,29.795998,30.312386
2013-05-26 10:00:00,3.8379974,11.870247
2013-05-26 10:30:00,-9.348999,-9.63311
2013-05-26 11:00:00,-22.637001,-18.954277
2013-05-26 11:30:00,-32.633003,-27.098618
2013-05-26 12:00:00,-33.42801,-31.363518
2013-05-26 12:30:00,-31.52401,-31.019035
2013-05-26 13:00:00,-23.14801,-27.060417
2013-05-26 13:30:00,-22.515007,-18.314995
2013-05-26 14:00:00,-13.046005,-14.0186
2013-05-26 14:30:00,-8.598,-2.6645432
2013-05-26 15:00:00,9.221008,10.400658
2013-05-26 15:30:00,28.389004,32.02896
2013-05-26 16:00:00,49.030006,54.195724
2013-05-26 16:30:00,76.315,75.03053
2013-05-26 17:00:00,111.41899,102.02108
2013-05-26 17:30:00,138.957,138.02635
2013-05-26 18:00:00,155.774,156.60152
2013-05-26 18:30:00,155.321,160.42628
2013-05-26 19:00:00,151.46101,152.30154
2013-05-26 19:30:00,142.425,146.01256
2013-05-26 20:00:00,132.46602,138.43246
2013-05-26 20:30:00,136.209,129.7602
2013-05-26 21:00:00,133.35898,130.59575
2013-05-26 21:30:00,117.71699,124.44179
2013-05-26 22:00:00,111.52899,110.04996
2013-05-26 22:30:00,98.706,101.48652
2013-05-26 23:00:00,98.219,87.452675
2013-05-26 23:30:00,89.796,83.436066
2013-05-27 00:00:00,74.394,76.21758
2013-05-27 00:30:00,63.788002,63.817272
2013-05-27 01:00:00,54.429005,56.52867
2013-05-27 01:30:00,52.262005,50.788902
2013-05-27 02:00:00,50.751,50.277775
2013-05-27 02:30:00,47.639,49.058445
2013-05-27 03:00:00,46.631,47.001205
2013-05-27 03:30:00,48.739,46.380005
2013-05-27 04:00:00,47.787994,47.89686
2013-05-27 04:30:00,49.321995,47.399097
2013-05-27 05:00:00,51.182,48.764923
2013-05-27 05:30:00,56.473003,52.47205
2013-05-27 06:00:00,63.649998,61.14366
2013-05-27 06:30:00,82.077,73.22852
2013-05-27 07:00:00,107.504,94.346214
2013-05-27 07:30:00,121.002,113.3631
2013-05-27 08:00:00,116.015015,110.47584
2013-05-27 08:30:00,105.723,98.89659
2013-05-27 09:00:00,84.13901,84.83342
2013-05-27 09:30:00,66.628,63.41627
2013-05-27 10:00:00,53.724007,51.892273
2013-05-27 10:30:00,29.970993,39.58096
2013-05-27 11:00:00,14.554001,22.045208
2013-05-27 11:30:00,19.235992,10.785023
2013-05-27 12:00:00,12.090996,16.90659
2013-05-27 12:30:00,16.389,14.940643
2013-05-27 13:00:00,12.014008,15.746643
2013-05-27 13:30:00,17.755005,11.560337
2013-05-27 14:00:00,15.439999,19.700813
2013-05-27 14:30:00,16.36,20.327225
2013-05-27 15:00:00,27.482998,28.952782
2013-05-27 15:30:00,45.472996,42.500465
2013-05-27 16:00:00,61.652,63.259026
2013-05-27 16:30:00,80.046,81.96573
2013-05-27 17:00:00,112.523994,105.93687
2013-05-27 17:30:00,147.06601,144.84921
2013-05-27 18:00:00,166.35701,168.61833
2013-05-27 18:30:00,168.136,170.1619
2013-05-27 19:00:00,161.86,161.57916
2013-05-27 19:30:00,163.88101,153.26518
2013-05-27 20:00:00,146.06999,154.11252
2013-05-27 20:30:00,146.54701,140.58517
2013-05-27 21:00:00,148.258,138.99365
2013-05-27 21:30:00,133.853,136.78453
2013-05-27 22:00:00,117.413,120.93859
2013-05-27 22:30:00,116.696,104.0718
2013-05-27 23:00:00,95.98001,96.493065
2013-05-27 23:30:00,87.2,79.89581
2013-05-28 00:00:00,74.356,72.345245
2013-05-28 00:30:00,64.897995,63.18264
2013-05-28 01:00:00,57.042,56.00656
2013-05-28 01:30:00,56.741,52.352562
2013-05-28 02:00:00,56.158997,52.35062
2013-05-28 02:30:00,51.679005,51.943577
2013-05-28 03:00:00,47.576996,49.399742
2013-05-28 03:30:00,48.558002,47.31035
2013-05-28 04:00:00,44.683,47.843613
2013-05-28 04:30:00,46.776997,46.20256
2013-05-28 05:00:00,51.075996,47.78165
2013-05-28 05:30:00,55.310997,52.19965
2013-05-28 06:00:00,60.329,59.773617
2013-05-28 06:30:00,73.159,71.15052
2013-05-28 07:00:00,90.604,88.6799
2013-05-28 07:30:00,110.725,101.69624
2013-05-28 08:00:00,99.745,103.557
2013-05-28 08:30:00,70.634,86.79619
2013-05-28 09:00:00,58.303993,61.386566
2013-05-28 09:30:00,53.475,46.422794
2013-05-28 10:00:00,42.992996,41.046738
2013-05-28 10:30:00,31.963997,34.746414
2013-05-28 11:00:00,14.899006,21.860638
2013-05-28 11:30:00,18.975006,10.060837
2013-05-28 12:00:00,13.479004,16.056389
2013-05-28 12:30:00,0.541008,9.6050415
2013-05-28 13:00:00,5.840996,1.5327759
2013-05-28 13:30:00,5.239006,8.4794235
2013-05-28 14:00:00,24.187996,11.238968
2013-05-28 14:30:00,21.842995,27.817768
2013-05-28 15:00:00,38.428997,29.308823
2013-05-28 15:30:00,57.025993,49.424236
2013-05-28 16:00:00,75.903,67.97802
2013-05-28 16:30:00,86.196,88.07704
2013-05-28 17:00:00,103.349,107.92751
2013-05-28 17:30:00,128.542,136.81464
2013-05-28 18:00:00,153.038,154.5625
2013-05-28 18:30:00,155.27701,160.09117
2013-05-28 19:00:00,142.93001,151.04259
2013-05-28 19:30:00,133.67702,139.35808
2013-05-28 20:00:00,135.188,132.81606
2013-05-28 20:30:00,133.65901,132.96526
2013-05-28 21:00:00,119.923996,129.16988
2013-05-28 21:30:00,111.87999,116.5811
2013-05-28 22:00:00,104.55501,106.16812
2013-05-28 22:30:00,104.143,95.06498
2013-05-28 23:00:00,95.162,87.678535
2013-05-28 23:30:00,81.09301,77.63747
2013-05-29 00:00:00,66.773,67.01291
2013-05-29 00:30:00,61.201996,55.955166
2013-05-29 01:00:00,52.974,53.093933
2013-05-29 01:30:00,51.444,49.641014
2013-05-29 02:00:00,48.653996,49.01799
2013-05-29 02:30:00,43.831,48.10759
2013-05-29 03:00:00,43.878998,45.27321
2013-05-29 03:30:00,42.031,45.038765
2013-05-29 04:00:00,44.012997,44.166092
2013-05-29 04:30:00,48.355995,44.93522
2013-05-29 05:00:00,50.119,48.33087
2013-05-29 05:30:00,58.666,51.90115
2013-05-29 06:00:00,59.24,62.099396
2013-05-29 06:30:00,68.122,69.97856
2013-05-29 07:00:00,95.865,83.95711
2013-05-29 07:30:00,108.676,105.03418
2013-05-29 08:00:00,95.17799,99.69852
2013-05-29 08:30:00,69.285995,78.37064
2013-05-29 09:00:00,43.029995,51.064884
2013-05-29 09:30:00,27.069004,24.937645
2013-05-29 10:00:00,9.325996,10.886772
2013-05-29 10:30:00,-5.050003,-3.074669
2013-05-29 11:00:00,-19.469002,-14.36058
2013-05-29 11:30:00,-30.210999,-24.95845
2013-05-29 12:00:00,-43.74301,-32.052414
2013-05-29 12:30:00,-39.437004,-40.174263
2013-05-29 13:00:00,-35.72601,-35.073425
2013-05-29 13:30:00,-32.607006,-31.114685
2013-05-29 14:00:00,-23.006996,-23.324444
2013-05-29 14:30:00,-16.257004,-10.987164
2013-05-29 15:00:00,3.2540016,3.48069
2013-05-29 15:30:00,24.233,24.25269
2013-05-29 16:00:00,45.115997,45.053085
2013-05-29 16:30:00,69.647,64.92623
2013-05-29 17:00:00,85.365,90.54239
2013-05-29 17:30:00,114.260994,116.01508
2013-05-29 18:00:00,134.017,138.69022
2013-05-29 18:30:00,133.032,142.39363
2013-05-29 19:00:00,133.629,133.80363
2013-05-29 19:30:00,126.07701,130.56209
2013-05-29 20:00:00,118.269,124.54452
2013-05-29 20:30:00,125.32101,118.89851
2013-05-29 21:00:00,110.435005,121.355576
2013-05-29 21:30:00,108.11901,109.11715
2013-05-29 22:00:00,104.96501,103.2275
2013-05-29 22:30:00,103.927,95.11763
2013-05-29 23:00:00,94.20799,87.37079
2013-05-29 23:30:00,84.595,76.66323
2013-05-30 00:00:00,66.434006,68.34491
2013-05-30 00:30:00,57.363003,56.549442
2013-05-30 01:00:00,55.579,51.286724
2013-05-30 01:30:00,54.213997,50.75672
2013-05-30 02:00:00,53.061,50.531216
2013-05-30 02:30:00,51.248,50.29708
2013-05-30 03:00:00,45.105003,49.469322
2013-05-30 03:30:00,45.633003,45.903587
2013-05-30 04:00:00,46.729004,45.35264
2013-05-30 04:30:00,48.205997,45.923523
2013-05-30 05:00:00,48.078,47.67835
2013-05-30 05:30:00,55.274998,50.403736
2013-05-30 06:00:00,63.413,59.69288
2013-05-30 06:30:00,79.245995,72.94603
2013-05-30 07:00:00,91.741,91.433266
2013-05-30 07:30:00,99.575005,102.05017
2013-05-30 08:00:00,97.613,94.21755
2013-05-30 08:30:00,66.86099,78.031105
2013-05-30 09:00:00,33.727,43.54943
2013-05-30 09:30:00,5.347,12.115395
2013-05-30 10:00:00,-15.660004,-11.19297
2013-05-30 10:30:00,-26.174995,-28.369446
2013-05-30 11:00:00,-37.876007,-36.04847
2013-05-30 11:30:00,-38.90699,-41.898502
2013-05-30 12:00:00,-40.638004,-41.66813
2013-05-30 12:30:00,-36.11901,-39.72712
2013-05-30 13:00:00,-40.749996,-33.886513
2013-05-30 13:30:00,-37.248993,-34.936714
2013-05-30 14:00:00,-17.535,-27.156044
2013-05-30 14:30:00,-3.7399979,-5.5687714
2013-05-30 15:00:00,7.757,10.797855
2013-05-30 15:30:00,21.605999,25.376232
2013-05-30 16:00:00,42.351997,43.40088
2013-05-30 16:30:00,70.93,61.349617
2013-05-30 17:00:00,84.49999,90.77528
2013-05-30 17:30:00,112.962,110.273224
2013-05-30 18:00:00,119.090996,133.35316
2013-05-30 18:30:00,119.061005,129.14401
2013-05-30 19:00:00,124.773,123.75737
2013-05-30 19:30:00,128.854,123.2066
2013-05-30 20:00:00,125.099,123.09149
2013-05-30 20:30:00,122.656,120.12453
2013-05-30 21:00:00,120.135994,118.008286
2013-05-30 21:30:00,110.258,114.41049
2013-05-30 22:00:00,108.242,104.4172
2013-05-30 22:30:00,106.223,98.434
2013-05-30 23:00:00,89.37499,90.73196
2013-05-30 23:30:00,76.63,75.14436
2013-05-31 00:00:00,66.925995,64.750656
2013-05-31 00:30:00,55.874,57.073265
2013-05-31 01:00:00,48.559002,52.000786
2013-05-31 01:30:00,48.082005,46.869713
2013-05-31 02:00:00,48.855003,47.09195
2013-05-31 02:30:00,40.558002,48.045948
2013-05-31 03:00:00,42.472,43.37616
2013-05-31 03:30:00,43.015,43.328735
2013-05-31 04:00:00,45.199997,43.425186
2013-05-31 04:30:00,46.103,44.412975
2013-05-31 05:00:00,48.189,45.92219
2013-05-31 05:30:00,54.95,49.71319
2013-05-31 06:00:00,62.907993,59.01858
2013-05-31 06:30:00,73.425,71.99362
2013-05-31 07:00:00,90.14199,85.995476
2013-05-31 07:30:00,95.388,99.52726
2013-05-31 08:00:00,88.90102,89.01024
2013-05-31 08:30:00,57.939003,70.62973
2013-05-31 09:00:00,25.531998,37.40086
2013-05-31 09:30:00,3.177002,5.334549
2013-05-31 10:00:00,-17.68,-14.151329
2013-05-31 10:30:00,-25.607002,-29.19775
2013-05-31 11:00:00,-30.879997,-34.624687
2013-05-31 11:30:00,-42.565,-37.27632
2013-05-31 12:00:00,-39.501,-42.46753
2013-05-31 12:30:00,-42.567993,-39.133064
2013-05-31 13:00:00,-41.301003,-37.57319
2013-05-31 13:30:00,-35.01,-33.054245
2013-05-31 14:00:00,-28.067005,-23.938171
2013-05-31 14:30:00,-16.943996,-12.627018
2013-05-31 15:00:00,0.66999817,3.4103584
2013-05-31 15:30:00,18.557003,22.266228
2013-05-31 16:00:00,39.77,41.2897
2013-05-31 16:30:00,57.452003,60.342453
2013-05-31 17:00:00,78.081,81.01067
2013-05-31 17:30:00,110.23599,105.37571
2013-05-31 18:00:00,120.554,130.2778
2013-05-31 18:30:00,123.604996,128.58504
2013-05-31 19:00:00,124.22499,124.38043
2013-05-31 19:30:00,116.23499,120.04999
2013-05-31 20:00:00,107.711,114.56552
2013-05-31 20:30:00,104.559006,109.51771
2013-05-31 21:00:00,105.533,106.50668
2013-05-31 21:30:00,99.218994,104.88284
2013-05-31 22:00:00,95.555,97.71087
2013-05-31 22:30:00,91.665,91.03337
2013-05-31 23:00:00,87.676,83.083916
2013-05-31 23:30:00,77.688995,75.16879
2013-06-01 00:00:00,66.227,66.113396
2013-06-01 00:30:00,56.432,57.948456
2013-06-01 01:00:00,53.29,53.680855
2013-06-01 01:30:00,52.363,49.656975
2013-06-01 02:00:00,48.155003,49.75544
2013-06-01 02:30:00,44.062,47.297573
2013-06-01 03:00:00,41.572998,44.71662
2013-06-01 03:30:00,40.386997,43.501656
2013-06-01 04:00:00,43.39,42.547215
2013-06-01 04:30:00,42.064,43.431644
2013-06-01 05:00:00,41.670998,43.094765
2013-06-01 05:30:00,47.977,44.325504
2013-06-01 06:00:00,51.454994,51.0282
2013-06-01 06:30:00,59.624992,57.472485
2013-06-01 07:00:00,68.646996,67.78245
2013-06-01 07:30:00,76.79099,77.96355
2013-06-01 08:00:00,68.65501,78.8224
2013-06-01 08:30:00,65.093994,66.47568
2013-06-01 09:00:00,52.502007,55.17365
2013-06-01 09:30:00,44.713997,41.213833
2013-06-01 10:00:00,28.159992,30.741203
2013-06-01 10:30:00,26.612,19.472565
2013-06-01 11:00:00,11.969002,17.37925
2013-06-01 11:30:00,15.342003,7.0865784
2013-06-01 12:00:00,23.005005,12.25087
2013-06-01 12:30:00,36.098995,21.490604
2013-06-01 13:00:00,42.072006,32.71739
2013-06-01 13:30:00,44.741005,38.074913
2013-06-01 14:00:00,50.639,44.48482
2013-06-01 14:30:00,69.72301,54.74353
2013-06-01 15:00:00,73.94699,72.61757
2013-06-01 15:30:00,83.478,80.59508
2013-06-01 16:00:00,87.531,90.6378
2013-06-01 16:30:00,94.669014,98.922455
2013-06-01 17:00:00,104.35,114.68993
2013-06-01 17:30:00,119.018,130.13417
2013-06-01 18:00:00,141.747,139.13887
2013-06-01 18:30:00,145.38701,146.21777
2013-06-01 19:00:00,143.245,139.54419
2013-06-01 19:30:00,133.724,134.7273
2013-06-01 20:00:00,123.409,127.689186
2013-06-01 20:30:00,115.520004,121.06785
2013-06-01 21:00:00,110.126,114.65986
2013-06-01 21:30:00,104.29,107.976006
2013-06-01 22:00:00,98.414,100.61615
2013-06-01 22:30:00,96.73,92.99717
2013-06-01 23:00:00,88.676,86.334785
2013-06-01 23:30:00,88.06,76.26781
2013-06-02 00:00:00,75.053,73.15091
2013-06-02 00:30:00,64.019,63.90464
2013-06-02 01:00:00,54.307003,57.50509
2013-06-02 01:30:00,53.558,50.253254
2013-06-02 02:00:00,49.966995,49.89067
2013-06-02 02:30:00,50.048004,47.876606
2013-06-02 03:00:00,49.393997,47.696655
2013-06-02 03:30:00,45.818,47.467625
2013-06-02 04:00:00,46.075,45.50791
2013-06-02 04:30:00,45.241,45.61255
2013-06-02 05:00:00,46.762,45.43749
2013-06-02 05:30:00,47.766003,47.209606
2013-06-02 06:00:00,53.645,50.189144
2013-06-02 06:30:00,53.847,57.380024
2013-06-02 07:00:00,63.261,62.82163
2013-06-02 07:30:00,68.239006,74.27581
2013-06-02 08:00:00,80.645996,81.322784
2013-06-02 08:30:00,89.573,89.54579
2013-06-02 09:00:00,89.515,94.26576
2013-06-02 09:30:00,91.51301,93.45348
2013-06-02 10:00:00,89.474,93.80587
2013-06-02 10:30:00,88.023994,91.20871
2013-06-02 11:00:00,87.414,89.04273
2013-06-02 11:30:00,93.342,91.87113
2013-06-02 12:00:00,108.492,100.386955
2013-06-02 12:30:00,118.838005,114.66758
2013-06-02 13:00:00,116.37399,121.41116
2013-06-02 13:30:00,113.492004,119.61081
2013-06-02 14:00:00,120.077,116.7977
2013-06-02 14:30:00,109.444,119.59368
2013-06-02 15:00:00,91.569,110.73693
2013-06-02 15:30:00,85.156,98.86741
2013-06-02 16:00:00,89.466,101.60651
2013-06-02 16:30:00,109.882,110.400154
2013-06-02 17:00:00,143.191,137.23465
2013-06-02 17:30:00,183.275,170.59743
2013-06-02 18:00:00,206.43102,195.47812
2013-06-02 18:30:00,193.791,200.88713
2013-06-02 19:00:00,176.08798,185.48254
2013-06-02 19:30:00,158.448,170.89537
2013-06-02 20:00:00,161.91699,157.7083
2013-06-02 20:30:00,159.83398,157.02266
2013-06-02 21:00:00,145.60402,150.42175
2013-06-02 21:30:00,137.24199,135.80588
2013-06-02 22:00:00,126.024994,126.21774
2013-06-02 22:30:00,115.741,113.081314
2013-06-02 23:00:00,101.212,100.13389
2013-06-02 23:30:00,81.980995,85.79604
2013-06-03 00:00:00,66.884995,70.75928
2013-06-03 00:30:00,60.829,59.002197
2013-06-03 01:00:00,58.186,54.667084
2013-06-03 01:30:00,58.895996,53.182144
2013-06-03 02:00:00,57.278,54.887085
2013-06-03 02:30:00,52.154995,53.275265
2013-06-03 03:00:00,49.142,50.222305
2013-06-03 03:30:00,48.826,48.743687
2013-06-03 04:00:00,47.633003,49.102985
2013-06-03 04:30:00,52.334995,49.23709
2013-06-03 05:00:00,50.394005,53.013783
2013-06-03 05:30:00,59.690006,54.393692
2013-06-03 06:00:00,69.42,65.79395
2013-06-03 06:30:00,84.144005,82.7659
2013-06-03 07:00:00,106.369995,103.68745
2013-06-03 07:30:00,118.812,121.30354
2013-06-03 08:00:00,109.477,115.35892
2013-06-03 08:30:00,87.147,93.66902
2013-06-03 09:00:00,54.926003,63.641068
2013-06-03 09:30:00,37.574005,31.417255
2013-06-03 10:00:00,19.959003,19.015675
2013-06-03 10:30:00,2.114006,4.3938828
2013-06-03 11:00:00,-6.0510025,-7.163681
2013-06-03 11:30:00,-7.524994,-9.609543
2013-06-03 12:00:00,-10.319,-7.699173
2013-06-03 12:30:00,-12.932991,-7.829033
2013-06-03 13:00:00,-22.831001,-11.783844
2013-06-03 13:30:00,-26.43,-18.172638
2013-06-03 14:00:00,-19.355003,-17.194267
2013-06-03 14:30:00,-8.571007,-5.532196
2013-06-03 15:00:00,6.896,9.329945
2013-06-03 15:30:00,24.952,28.873714
2013-06-03 16:00:00,42.595993,50.76543
2013-06-03 16:30:00,68.707,70.64691
2013-06-03 17:00:00,95.126,98.70257
2013-06-03 17:30:00,131.46501,136.38039
2013-06-03 18:00:00,164.125,165.643
2013-06-03 18:30:00,175.672,175.04596
2013-06-03 19:00:00,166.91801,170.80513
2013-06-03 19:30:00,164.731,159.9901
2013-06-03 20:00:00,152.27798,158.54124
2013-06-03 20:30:00,158.83401,150.61533
2013-06-03 21:00:00,147.425,152.41579
2013-06-03 21:30:00,137.407,139.94766
2013-06-03 22:00:00,131.003,126.53869
2013-06-03 22:30:00,117.912,115.02552
2013-06-03 23:00:00,100.121,99.42991
2013-06-03 23:30:00,88.797005,84.06962
2013-06-04 00:00:00,77.34701,74.40786
2013-06-04 00:30:00,71.305,64.9112
2013-06-04 01:00:00,59.472,59.544357
2013-06-04 01:30:00,59.344006,54.13658
2013-06-04 02:00:00,57.792004,54.05374
2013-06-04 02:30:00,52.163998,53.285473
2013-06-04 03:00:00,51.466,49.84301
2013-06-04 03:30:00,49.202995,49.791294
2013-06-04 04:00:00,49.498,49.286217
2013-06-04 04:30:00,50.417004,49.866833
2013-06-04 05:00:00,51.263,51.56606
2013-06-04 05:30:00,59.932,54.47021
2013-06-04 06:00:00,69.340004,67.027916
2013-06-04 06:30:00,80.802,85.22996
2013-06-04 07:00:00,105.206985,102.65327
2013-06-04 07:30:00,123.048004,120.98407
2013-06-04 08:00:00,117.56601,116.57855
2013-06-04 08:30:00,87.8,95.37748
2013-06-04 09:00:00,61.906002,61.573395
2013-06-04 09:30:00,27.049,36.625294
2013-06-04 10:00:00,8.050003,6.733177
2013-06-04 10:30:00,-1.3710022,-8.365318
2013-06-04 11:00:00,-15.292999,-9.509384
2013-06-04 11:30:00,-27.261993,-19.631577
2013-06-04 12:00:00,-32.400997,-26.522835
2013-06-04 12:30:00,-41.851997,-29.490456
2013-06-04 13:00:00,-33.052998,-35.337677
2013-06-04 13:30:00,-23.389,-25.565815
2013-06-04 14:00:00,-23.346,-15.7547
2013-06-04 14:30:00,-5.452999,-11.360268
2013-06-04 15:00:00,11.166,10.418568
2013-06-04 15:30:00,30.207,30.28398
2013-06-04 16:00:00,47.573997,51.549347
2013-06-04 16:30:00,69.202995,71.718254
2013-06-04 17:00:00,93.312,98.01937
2013-06-04 17:30:00,133.762,131.68706
2013-06-04 18:00:00,153.479,162.67456
2013-06-04 18:30:00,147.175,164.41061
2013-06-04 19:00:00,145.48,151.15303
2013-06-04 19:30:00,151.37701,146.63934
2013-06-04 20:00:00,152.298,149.29463
2013-06-04 20:30:00,145.79199,148.40213
2013-06-04 21:00:00,136.018,141.28831
2013-06-04 21:30:00,121.30501,130.64615
2013-06-04 22:00:00,119.523994,115.01551
2013-06-04 22:30:00,109.32501,106.52112
2013-06-04 23:00:00,98.665,92.77595
2013-06-04 23:30:00,85.18499,81.99649
2013-06-05 00:00:00,73.935,71.65833
2013-06-05 00:30:00,61.572006,62.35013
2013-06-05 01:00:00,56.836,54.94562
2013-06-05 01:30:00,52.365993,52.991066
2013-06-05 02:00:00,51.703,50.624794
2013-06-05 02:30:00,45.368,50.07771
2013-06-05 03:00:00,49.781998,46.912205
2013-06-05 03:30:00,47.412,49.284172
2013-06-05 04:00:00,46.497997,48.48524
2013-06-05 04:30:00,45.406,48.28769
2013-06-05 05:00:00,51.323997,48.89996
2013-06-05 05:30:00,56.523,54.976734
2013-06-05 06:00:00,65.382,64.46031
2013-06-05 06:30:00,79.655,80.56768
2013-06-05 07:00:00,103.241,100.046585
2013-06-05 07:30:00,115.893005,117.65913
2013-06-05 08:00:00,113.034996,113.4628
2013-06-05 08:30:00,92.648,98.25648
2013-06-05 09:00:00,72.201,71.82625
2013-06-05 09:30:00,58.69699,56.252464
2013-06-05 10:00:00,43.579994,46.418755
2013-06-05 10:30:00,10.963001,30.043678
2013-06-05 11:00:00,1.053009,-0.855278
2013-06-05 11:30:00,5.163994,-3.9809647
2013-06-05 12:00:00,-13.149002,3.0575714
2013-06-05 12:30:00,-16.418007,-13.407349
2013-06-05 13:00:00,-1.8130035,-7.5712433
2013-06-05 13:30:00,16.577995,5.197464
2013-06-05 14:00:00,19.156998,20.80999
2013-06-05 14:30:00,35.284004,25.8639
2013-06-05 15:00:00,35.610004,41.621075
2013-06-05 15:30:00,47.114002,45.781467
2013-06-05 16:00:00,64.80701,62.10402
2013-06-05 16:30:00,82.645004,81.525665
2013-06-05 17:00:00,100.22199,106.71108
2013-06-05 17:30:00,125.45501,136.4091
2013-06-05 18:00:00,149.024,156.63252
2013-06-05 18:30:00,156.938,162.6763
2013-06-05 19:00:00,151.909,157.02713
2013-06-05 19:30:00,162.86,148.82387
2013-06-05 20:00:00,157.34601,154.78972
2013-06-05 20:30:00,147.76901,149.8489
2013-06-05 21:00:00,140.468,142.54858
2013-06-05 21:30:00,124.38801,135.56285
2013-06-05 22:00:00,118.57701,118.886444
2013-06-05 22:30:00,112.895996,107.955284
2013-06-05 23:00:00,105.043,96.86215
2013-06-05 23:30:00,83.14,85.78788
2013-06-06 00:00:00,73.979996,69.28274
2013-06-06 00:30:00,60.750004,62.268368
2013-06-06 01:00:00,55.787,54.66138
2013-06-06 01:30:00,55.027996,51.601326
2013-06-06 02:00:00,53.206997,51.695427
2013-06-06 02:30:00,49.627,50.845356
2013-06-06 03:00:00,45.427,48.94186
2013-06-06 03:30:00,44.785,46.808
2013-06-06 04:00:00,45.421,46.499016
2013-06-06 04:30:00,46.911995,47.03667
2013-06-06 05:00:00,47.791004,48.78181
2013-06-06 05:30:00,54.211998,51.8187
2013-06-06 06:00:00,60.744007,60.712337
2013-06-06 06:30:00,75.53,75.46919
2013-06-06 07:00:00,92.88901,96.10347
2013-06-06 07:30:00,117.96,111.36357
2013-06-06 08:00:00,110.858,114.33482
2013-06-06 08:30:00,83.893,93.800804
2013-06-06 09:00:00,54.398006,62.496128
2013-06-06 09:30:00,22.209007,36.19064
2013-06-06 10:00:00,9.144001,7.5646744
2013-06-06 10:30:00,17.708008,0.2722702
2013-06-06 11:00:00,19.446999,11.412769
2013-06-06 11:30:00,22.981003,13.164909
2013-06-06 12:00:00,23.780998,22.77024
2013-06-06 12:30:00,20.808002,25.581257
2013-06-06 13:00:00,37.548,22.000275
2013-06-06 13:30:00,42.95501,38.305286
2013-06-06 14:00:00,50.266006,44.238914
2013-06-06 14:30:00,61.118008,51.691666
2013-06-06 15:00:00,64.637,63.336258
2013-06-06 15:30:00,63.884995,70.462776
2013-06-06 16:00:00,68.402,74.13359
2013-06-06 16:30:00,81.952,84.185455
2013-06-06 17:00:00,101.77901,106.63954
2013-06-06 17:30:00,130.89099,134.35269
2013-06-06 18:00:00,146.931,152.99045
2013-06-06 18:30:00,143.457,153.13434
2013-06-06 19:00:00,137.442,143.4832
2013-06-06 19:30:00,146.58801,136.75108
2013-06-06 20:00:00,144.33199,142.04443
2013-06-06 20:30:00,138.80602,139.14333
2013-06-06 21:00:00,138.889,133.36444
2013-06-06 21:30:00,123.73901,130.03322
2013-06-06 22:00:00,109.923004,115.7824
2013-06-06 22:30:00,99.682,101.68811
2013-06-06 23:00:00,92.792,88.41701
2013-06-06 23:30:00,80.918,78.79975
2013-06-07 00:00:00,71.366,68.78623
2013-06-07 00:30:00,57.796997,61.334618
2013-06-07 01:00:00,49.779,53.70527
2013-06-07 01:30:00,52.017,47.700462
2013-06-07 02:00:00,52.537,49.044186
2013-06-07 02:30:00,48.429005,50.08429
2013-06-07 03:00:00,46.965,48.081856
2013-06-07 03:30:00,42.681,47.402184
2013-06-07 04:00:00,42.02,45.142544
2013-06-07 04:30:00,43.698,44.36851
2013-06-07 05:00:00,44.338997,45.59356
2013-06-07 05:30:00,54.595997,47.85194
2013-06-07 06:00:00,54.680996,58.89008
2013-06-07 06:30:00,61.84,67.28811
2013-06-07 07:00:00,73.19199,81.198265
2013-06-07 07:30:00,93.83401,92.73874
2013-06-07 08:00:00,96.381996,99.68971
2013-06-07 08:30:00,92.25901,93.42801
2013-06-07 09:00:00,82.708,83.30132
2013-06-07 09:30:00,66.489,74.69235
2013-06-07 10:00:00,64.976,63.968155
2013-06-07 10:30:00,57.615997,63.222374
2013-06-07 11:00:00,50.69,55.446083
2013-06-07 11:30:00,34.878002,47.221653
2013-06-07 12:00:00,34.246,32.785873
2013-06-07 12:30:00,20.069996,30.444286
2013-06-07 13:00:00,35.805004,17.770687
2013-06-07 13:30:00,32.257008,31.99123
2013-06-07 14:00:00,19.331001,32.38012
2013-06-07 14:30:00,21.368996,28.271503
2013-06-07 15:00:00,26.576004,32.372395
2013-06-07 15:30:00,35.799,41.072525
2013-06-07 16:00:00,55.322002,52.290794
2013-06-07 16:30:00,72.522,71.34091
2013-06-07 17:00:00,90.92799,93.10996
2013-06-07 17:30:00,122.022995,122.31579
2013-06-07 18:00:00,136.24399,145.66013
2013-06-07 18:30:00,129.179,144.21825
2013-06-07 19:00:00,127.30201,130.47244
2013-06-07 19:30:00,125.36501,125.612206
2013-06-07 20:00:00,119.871994,123.435844
2013-06-07 20:30:00,117.138,120.10989
2013-06-07 21:00:00,113.326004,116.88326
2013-06-07 21:30:00,101.05,111.79948
2013-06-07 22:00:00,101.795006,100.491776
2013-06-07 22:30:00,94.125,96.05273
2013-06-07 23:00:00,91.813995,85.44835
2013-06-07 23:30:00,86.017,77.94524
2013-06-08 00:00:00,76.73599,70.70371
2013-06-08 00:30:00,65.873,62.823868
2013-06-08 01:00:00,56.956997,57.377823
2013-06-08 01:30:00,53.856,51.667118
2013-06-08 02:00:00,54.031,50.14337
2013-06-08 02:30:00,47.041996,49.876015
2013-06-08 03:00:00,44.169,46.291462
2013-06-08 03:30:00,40.712,44.739872
2013-06-08 04:00:00,44.015,43.13257
2013-06-08 04:30:00,45.843998,44.325935
2013-06-08 05:00:00,44.104004,45.571
2013-06-08 05:30:00,43.405003,46.01964
2013-06-08 06:00:00,47.429005,48.23793
2013-06-08 06:30:00,57.622997,55.55274
2013-06-08 07:00:00,64.377,68.19517
2013-06-08 07:30:00,71.83899,78.54488
2013-06-08 08:00:00,72.394005,84.04463
2013-06-08 08:30:00,78.00801,78.10123
2013-06-08 09:00:00,74.551,73.54402
2013-06-08 09:30:00,60.288,63.750317
2013-06-08 10:00:00,51.73801,48.51913
2013-06-08 10:30:00,45.175007,38.521587
2013-06-08 11:00:00,38.487003,34.967064
2013-06-08 11:30:00,33.554996,30.791813
2013-06-08 12:00:00,29.903,30.473206
2013-06-08 12:30:00,24.478996,27.14032
2013-06-08 13:00:00,31.062,25.310879
2013-06-08 13:30:00,44.820995,34.309658
2013-06-08 14:00:00,58.341995,48.399864
2013-06-08 14:30:00,61.427998,59.059288
2013-06-08 15:00:00,60.0,67.904495
2013-06-08 15:30:00,61.824997,72.83338
2013-06-08 16:00:00,74.725006,79.832535
2013-06-08 16:30:00,91.66499,95.13135
2013-06-08 17:00:00,117.319,116.74459
2013-06-08 17:30:00,138.453,143.03487
2013-06-08 18:00:00,158.814,154.01044
2013-06-08 18:30:00,150.07901,159.57382
2013-06-08 19:00:00,130.67201,146.26776
2013-06-08 19:30:00,130.50099,131.02797
2013-06-08 20:00:00,125.962006,130.51402
2013-06-08 20:30:00,129.598,125.68148
2013-06-08 21:00:00,123.325,126.03843
2013-06-08 21:30:00,111.00101,117.98392
2013-06-08 22:00:00,104.511,105.573326
2013-06-08 22:30:00,100.51,97.39333
2013-06-08 23:00:00,95.617004,89.28613
2013-06-08 23:30:00,89.51199,82.09078
2013-06-09 00:00:00,76.407005,76.05999
2013-06-09 00:30:00,71.48301,66.76238
2013-06-09 01:00:00,59.955997,63.831608
2013-06-09 01:30:00,55.390003,54.86759
2013-06-09 02:00:00,55.486,51.904575
2013-06-09 02:30:00,53.636997,51.946648
2013-06-09 03:00:00,51.396996,50.541225
2013-06-09 03:30:00,51.011,49.366528
2013-06-09 04:00:00,51.114002,49.33519
2013-06-09 04:30:00,51.954,49.299427
2013-06-09 05:00:00,48.134,49.923992
2013-06-09 05:30:00,48.903004,48.83521
2013-06-09 06:00:00,56.490997,51.418
2013-06-09 06:30:00,63.161,60.248528
2013-06-09 07:00:00,71.476,70.055695
2013-06-09 07:30:00,79.11001,81.70289
2013-06-09 08:00:00,77.60399,82.73217
2013-06-09 08:30:00,67.451,74.72718
2013-06-09 09:00:00,45.462006,57.204075
2013-06-09 09:30:00,34.94599,33.553474
2013-06-09 10:00:00,13.444,22.641563
2013-06-09 10:30:00,3.6819992,5.5623856
2013-06-09 11:00:00,-2.744995,-1.16362
2013-06-09 11:30:00,-14.63501,-4.695122
2013-06-09 12:00:00,-10.093994,-12.71209
2013-06-09 12:30:00,-1.5690002,-7.091339
2013-06-09 13:00:00,8.743004,3.9101715
2013-06-09 13:30:00,23.025002,15.559822
2013-06-09 14:00:00,23.088993,29.333744
2013-06-09 14:30:00,27.469006,34.072712
2013-06-09 15:00:00,43.886,44.838566
2013-06-09 15:30:00,47.862003,64.57195
2013-06-09 16:00:00,59.012,72.26072
2013-06-09 16:30:00,77.151,83.89176
2013-06-09 17:00:00,98.54299,105.096825
2013-06-09 17:30:00,118.38699,131.688
2013-06-09 18:00:00,141.646,146.15686
2013-06-09 18:30:00,129.00902,153.4199
2013-06-09 19:00:00,128.40999,134.85086
2013-06-09 19:30:00,126.50899,131.47403
2013-06-09 20:00:00,128.179,127.150604
2013-06-09 20:30:00,123.118004,125.85084
2013-06-09 21:00:00,131.243,119.63576
2013-06-09 21:30:00,128.98,122.05409
2013-06-09 22:00:00,117.98601,116.18307
2013-06-09 22:30:00,115.147995,104.002304
2013-06-09 23:00:00,97.968994,96.310936
2013-06-09 23:30:00,86.521996,81.29441
2013-06-10 00:00:00,79.796005,73.06943
2013-06-10 00:30:00,71.094,65.52687
2013-06-10 01:00:00,61.042004,59.918686
2013-06-10 01:30:00,60.992996,53.56278
2013-06-10 02:00:00,60.648994,54.448517
2013-06-10 02:30:00,54.495003,54.038807
2013-06-10 03:00:00,49.835,50.226677
2013-06-10 03:30:00,48.871,47.436855
2013-06-10 04:00:00,46.5,46.952618
2013-06-10 04:30:00,50.151,45.823982
2013-06-10 05:00:00,51.294,48.762943
2013-06-10 05:30:00,54.219,52.199574
2013-06-10 06:00:00,58.817005,59.332233
2013-06-10 06:30:00,60.987,70.411934
2013-06-10 07:00:00,62.918,80.20971
2013-06-10 07:30:00,78.533,87.75884
2013-06-10 08:00:00,72.160995,89.354996
2013-06-10 08:30:00,64.391,70.24625
2013-06-10 09:00:00,57.82999,52.81457
2013-06-10 09:30:00,31.251,31.543907
2013-06-10 10:00:00,20.168999,7.000267
2013-06-10 10:30:00,32.255997,-0.20893097
2013-06-10 11:00:00,19.096992,16.762474
2013-06-10 11:30:00,9.797005,4.5986404
2013-06-10 12:00:00,13.629997,4.851265
2013-06-10 12:30:00,7.25399,12.237267
2013-06-10 13:00:00,16.692001,9.184944
2013-06-10 13:30:00,23.544998,22.818554
2013-06-10 14:00:00,51.344997,30.715637
2013-06-10 14:30:00,71.840004,55.034344
2013-06-10 15:00:00,91.07201,71.633675
2013-06-10 15:30:00,98.446,89.05947
2013-06-10 16:00:00,101.377,102.45303
2013-06-10 16:30:00,111.29001,116.48907
2013-06-10 17:00:00,134.96,139.17226
2013-06-10 17:30:00,167.44897,166.04279
2013-06-10 18:00:00,176.179,181.19543
2013-06-10 18:30:00,172.2,175.09612
2013-06-10 19:00:00,159.14201,166.4826
2013-06-10 19:30:00,153.50198,156.83696
2013-06-10 20:00:00,157.425,152.88931
2013-06-10 20:30:00,143.74901,153.07812
2013-06-10 21:00:00,140.237,139.51125
2013-06-10 21:30:00,132.375,133.18109
2013-06-10 22:00:00,122.19801,121.73077
2013-06-10 22:30:00,103.392,107.9803
2013-06-10 23:00:00,95.38999,89.6201
2013-06-10 23:30:00,84.937004,80.22742
2013-06-11 00:00:00,74.606,71.359024
2013-06-11 00:30:00,61.970997,63.004135
2013-06-11 01:00:00,52.031998,52.92818
2013-06-11 01:30:00,51.496998,48.3666
2013-06-11 02:00:00,55.541,48.64111
2013-06-11 02:30:00,51.155,50.590675
2013-06-11 03:00:00,46.679005,48.286144
2013-06-11 03:30:00,47.822,46.41344
2013-06-11 04:00:00,48.847,47.51875
2013-06-11 04:30:00,51.311996,48.499905
2013-06-11 05:00:00,51.141003,50.5624
2013-06-11 05:30:00,52.715004,53.083958
2013-06-11 06:00:00,58.699997,59.394592
2013-06-11 06:30:00,73.68299,73.57428
2013-06-11 07:00:00,95.03099,95.331955
2013-06-11 07:30:00,116.220985,113.06919
2013-06-11 08:00:00,98.932,111.57964
2013-06-11 08:30:00,60.742004,83.956566
2013-06-11 09:00:00,32.613,44.96061
2013-06-11 09:30:00,9.264999,14.618061
2013-06-11 10:00:00,-10.371994,-6.686104
2013-06-11 10:30:00,-18.616997,-21.279701
2013-06-11 11:00:00,-31.437996,-28.67054
2013-06-11 11:30:00,-41.127,-37.12934
2013-06-11 12:00:00,-40.150005,-39.937607
2013-06-11 12:30:00,-38.631004,-37.460503
2013-06-11 13:00:00,-36.975998,-34.148453
2013-06-11 13:30:00,-25.932003,-28.884544
2013-06-11 14:00:00,-14.311005,-14.351913
2013-06-11 14:30:00,-7.979,0.41407776
2013-06-11 15:00:00,10.135006,10.904709
2013-06-11 15:30:00,29.704,31.327293
2013-06-11 16:00:00,47.221,50.552494
2013-06-11 16:30:00,61.961002,70.87534
2013-06-11 17:00:00,96.060005,92.72046
2013-06-11 17:30:00,114.474,133.66714
2013-06-11 18:00:00,132.812,147.67908
2013-06-11 18:30:00,150.125,150.93283
2013-06-11 19:00:00,146.603,150.7878
2013-06-11 19:30:00,149.76799,142.92146
2013-06-11 20:00:00,139.719,144.51662
2013-06-11 20:30:00,137.589,137.25241
2013-06-11 21:00:00,133.63301,134.35106
2013-06-11 21:30:00,131.063,128.09724
2013-06-11 22:00:00,127.62601,119.525444
2013-06-11 22:30:00,106.297005,110.44505
2013-06-11 23:00:00,94.396996,89.89244
2013-06-11 23:30:00,79.847,78.071884
2013-06-12 00:00:00,69.341,66.98249
2013-06-12 00:30:00,61.392,58.485344
2013-06-12 01:00:00,54.301994,54.23491
2013-06-12 01:30:00,52.287,51.01169
2013-06-12 02:00:00,53.604996,50.17711
2013-06-12 02:30:00,50.170002,50.895966
2013-06-12 03:00:00,46.483,49.09998
2013-06-12 03:30:00,48.224,47.31451
2013-06-12 04:00:00,44.876,48.236
2013-06-12 04:30:00,46.077,46.846123
2013-06-12 05:00:00,49.301,48.58736
2013-06-12 05:30:00,49.09,52.784466
2013-06-12 06:00:00,56.302998,57.27121
2013-06-12 06:30:00,71.18,70.653656
2013-06-12 07:00:00,98.463,90.032
2013-06-12 07:30:00,117.729996,109.99274
2013-06-12 08:00:00,111.620995,109.77307
2013-06-12 08:30:00,84.240005,95.705185
2013-06-12 09:00:00,64.104996,67.16419
2013-06-12 09:30:00,45.888996,49.21707
2013-06-12 10:00:00,52.079002,31.390938
2013-06-12 10:30:00,59.571995,41.475594
2013-06-12 11:00:00,66.923004,47.323193
2013-06-12 11:30:00,62.711002,54.355858
2013-06-12 12:00:00,73.592,53.791904
2013-06-12 12:30:00,92.913994,66.88085
2013-06-12 13:00:00,86.523994,82.93156
2013-06-12 13:30:00,90.745995,78.75347
2013-06-12 14:00:00,88.49399,83.39293
2013-06-12 14:30:00,75.103,83.516235
2013-06-12 15:00:00,59.340004,73.394424
2013-06-12 15:30:00,70.812996,66.776505
2013-06-12 16:00:00,79.29001,80.694496
2013-06-12 16:30:00,92.979996,93.052635
2013-06-12 17:00:00,113.662,118.22235
2013-06-12 17:30:00,150.09799,146.80469
2013-06-12 18:00:00,177.34401,171.86046
2013-06-12 18:30:00,172.48698,178.43423
2013-06-12 19:00:00,163.723,167.00099
2013-06-12 19:30:00,154.012,158.80013
2013-06-12 20:00:00,153.25902,152.31429
2013-06-12 20:30:00,152.404,150.4695
2013-06-12 21:00:00,144.92601,146.95874
2013-06-12 21:30:00,132.863,138.035
2013-06-12 22:00:00,115.747,124.02696
2013-06-12 22:30:00,112.66101,105.43435
2013-06-12 23:00:00,101.45,96.148476
2013-06-12 23:30:00,94.38,83.2415
2013-06-13 00:00:00,77.506,76.22056
2013-06-13 00:30:00,68.465004,65.03193
2013-06-13 01:00:00,61.239,59.250378
2013-06-13 01:30:00,62.784,54.85139
2013-06-13 02:00:00,55.415997,55.994488
2013-06-13 02:30:00,53.048,52.07478
2013-06-13 03:00:00,51.679,50.673367
2013-06-13 03:30:00,51.0,50.023853
2013-06-13 04:00:00,49.490997,49.877804
2013-06-13 04:30:00,48.24,49.68706
2013-06-13 05:00:00,50.044003,49.579823
2013-06-13 05:30:00,53.912,52.270706
2013-06-13 06:00:00,58.433002,59.90053
2013-06-13 06:30:00,75.048004,72.60649
2013-06-13 07:00:00,101.79001,96.61842
2013-06-13 07:30:00,113.298004,119.364586
2013-06-13 08:00:00,112.346,113.75591
2013-06-13 08:30:00,78.033005,94.88904
2013-06-13 09:00:00,48.954,56.91165
2013-06-13 09:30:00,18.590004,28.447224
2013-06-13 10:00:00,-4.430992,2.0667496
2013-06-13 10:30:00,-21.356003,-16.51165
2013-06-13 11:00:00,-32.084,-25.591164
2013-06-13 11:30:00,-35.63201,-32.614037
2013-06-13 12:00:00,-33.76999,-33.216797
2013-06-13 12:30:00,-34.94101,-30.835915
2013-06-13 13:00:00,-18.502998,-29.081543
2013-06-13 13:30:00,-10.881996,-12.024368
2013-06-13 14:00:00,-7.210003,-1.4569244
2013-06-13 14:30:00,-2.2929916,7.2137527
2013-06-13 15:00:00,11.865002,16.832264
2013-06-13 15:30:00,25.487999,34.40944
2013-06-13 16:00:00,60.246002,51.2754
2013-06-13 16:30:00,78.636,80.63996
2013-06-13 17:00:00,98.525,103.0448
2013-06-13 17:30:00,124.394005,132.07932
2013-06-13 18:00:00,144.984,152.87184
2013-06-13 18:30:00,148.35002,156.89075
2013-06-13 19:00:00,143.102,150.08485
2013-06-13 19:30:00,145.14,142.32115
2013-06-13 20:00:00,138.87302,142.91884
2013-06-13 20:30:00,137.989,138.14642
2013-06-13 21:00:00,134.91899,135.50983
2013-06-13 21:30:00,131.14801,129.8
2013-06-13 22:00:00,122.062996,122.04798
2013-06-13 22:30:00,117.75201,110.22189
2013-06-13 23:00:00,97.775,100.23531
2013-06-13 23:30:00,93.73201,82.035736
2013-06-14 00:00:00,82.15099,75.299904
2013-06-14 00:30:00,68.99501,66.98907
2013-06-14 01:00:00,60.474,60.161896
2013-06-14 01:30:00,57.673,53.33675
2013-06-14 02:00:00,56.515007,52.015507
2013-06-14 02:30:00,52.082,51.924892
2013-06-14 03:00:00,46.929,49.941597
2013-06-14 03:30:00,48.532005,47.211063
2013-06-14 04:00:00,51.746998,48.27684
2013-06-14 04:30:00,49.645996,50.609707
2013-06-14 05:00:00,51.38,49.78846
2013-06-14 05:30:00,56.416,52.659107
2013-06-14 06:00:00,62.177998,61.262733
2013-06-14 06:30:00,79.270004,74.74984
2013-06-14 07:00:00,102.07199,98.29424
2013-06-14 07:30:00,128.084,116.821335
2013-06-14 08:00:00,110.973,118.84851
2013-06-14 08:30:00,74.265,88.12923
2013-06-14 09:00:00,38.337,51.2252
2013-06-14 09:30:00,21.46199,18.942265
2013-06-14 10:00:00,-4.1999893,2.2746048
2013-06-14 10:30:00,-22.297012,-13.850769
2013-06-14 11:00:00,-27.488014,-22.808167
2013-06-14 11:30:00,-31.481003,-23.473412
2013-06-14 12:00:00,-31.801003,-24.55262
2013-06-14 12:30:00,-26.966995,-23.379433
2013-06-14 13:00:00,-23.132988,-17.260536
2013-06-14 13:30:00,-19.339996,-11.578125
2013-06-14 14:00:00,-9.031998,-2.17202
2013-06-14 14:30:00,5.7289963,10.761509
2013-06-14 15:00:00,22.328007,23.98108
2013-06-14 15:30:00,37.403,40.21306
2013-06-14 16:00:00,60.526,59.18778
2013-06-14 16:30:00,85.85201,82.538376
2013-06-14 17:00:00,108.11,112.3153
2013-06-14 17:30:00,133.673,144.03708
2013-06-14 18:00:00,149.522,163.09961
2013-06-14 18:30:00,148.988,162.42468
2013-06-14 19:00:00,148.67398,152.33134
2013-06-14 19:30:00,144.742,147.11395
2013-06-14 20:00:00,156.339,143.29962
2013-06-14 20:30:00,147.04301,150.04317
2013-06-14 21:00:00,137.91501,141.88301
2013-06-14 21:30:00,124.718,133.4089
2013-06-14 22:00:00,122.746,119.83219
2013-06-14 22:30:00,119.843994,113.525085
2013-06-14 23:00:00,112.348,104.8473
2013-06-14 23:30:00,93.798996,93.60008
2013-06-15 00:00:00,77.662,77.66526
2013-06-15 00:30:00,69.639,65.684494
2013-06-15 01:00:00,57.55,61.89631
2013-06-15 01:30:00,57.29,54.77976
2013-06-15 02:00:00,56.334,54.460026
2013-06-15 02:30:00,51.879997,53.841473
2013-06-15 03:00:00,48.542995,50.810562
2013-06-15 03:30:00,51.253002,48.820953
2013-06-15 04:00:00,50.567997,50.557323
2013-06-15 04:30:00,53.925,50.79081
2013-06-15 05:00:00,57.582996,54.000237
2013-06-15 05:30:00,56.905003,58.245605
2013-06-15 06:00:00,55.208996,60.935772
2013-06-15 06:30:00,58.565002,64.58348
2013-06-15 07:00:00,70.845,73.44057
2013-06-15 07:30:00,81.824,88.69433
2013-06-15 08:00:00,83.174995,96.74274
2013-06-15 08:30:00,67.920006,88.654205
2013-06-15 09:00:00,51.705997,66.566154
2013-06-15 09:30:00,35.814,43.832256
2013-06-15 10:00:00,18.812996,25.299156
2013-06-15 10:30:00,4.8720016,10.642815
2013-06-15 11:00:00,-3.3019943,-1.0141983
2013-06-15 11:30:00,-11.99501,-6.227112
2013-06-15 12:00:00,-9.739014,-10.186386
2013-06-15 12:30:00,3.514,-7.1620483
2013-06-15 13:00:00,13.022003,4.3255386
2013-06-15 13:30:00,35.79499,12.436386
2013-06-15 14:00:00,46.413994,31.761189
2013-06-15 14:30:00,62.299995,42.6054
2013-06-15 15:00:00,73.282005,62.103832
2013-06-15 15:30:00,73.894,79.68772
2013-06-15 16:00:00,87.062,88.57637
2013-06-15 16:30:00,94.285995,106.20916
2013-06-15 17:00:00,120.165,120.63096
2013-06-15 17:30:00,150.859,151.78766
2013-06-15 18:00:00,167.754,168.90385
2013-06-15 18:30:00,165.665,168.81741
2013-06-15 19:00:00,164.55402,159.46666
2013-06-15 19:30:00,160.17099,156.10695
2013-06-15 20:00:00,148.363,151.94753
2013-06-15 20:30:00,143.61697,143.22514
2013-06-15 21:00:00,136.233,138.39583
2013-06-15 21:30:00,130.22299,130.54808
2013-06-15 22:00:00,124.613,121.87809
2013-06-15 22:30:00,115.08099,113.75064
2013-06-15 23:00:00,112.344,100.8887
2013-06-15 23:30:00,103.159004,93.23309
2013-06-16 00:00:00,86.703,84.03316
2013-06-16 00:30:00,70.254,72.31557
2013-06-16 01:00:00,62.759995,63.13601
2013-06-16 01:30:00,56.87,56.84037
2013-06-16 02:00:00,57.159,53.51777
2013-06-16 02:30:00,52.975,53.381893
2013-06-16 03:00:00,50.066,50.763382
2013-06-16 03:30:00,49.505,48.838623
2013-06-16 04:00:00,50.633,48.72854
2013-06-16 04:30:00,50.777,49.887848
2013-06-16 05:00:00,52.321003,50.985794
2013-06-16 05:30:00,56.458,53.650967
2013-06-16 06:00:00,61.801,59.167664
2013-06-16 06:30:00,60.998,67.93511
2013-06-16 07:00:00,65.47301,72.76465
2013-06-16 07:30:00,81.990005,81.65705
2013-06-16 08:00:00,89.23701,89.00161
2013-06-16 08:30:00,79.334,83.6817
2013-06-16 09:00:00,64.34401,66.633804
2013-06-16 09:30:00,42.985992,47.111862
2013-06-16 10:00:00,29.507011,25.66182
2013-06-16 10:30:00,10.179001,13.989487
2013-06-16 11:00:00,-9.279007,-0.4093399
2013-06-16 11:30:00,-11.211998,-13.633102
2013-06-16 12:00:00,-14.063004,-11.287521
2013-06-16 12:30:00,-23.465996,-11.612389
2013-06-16 13:00:00,-10.720009,-17.15783
2013-06-16 13:30:00,-9.027,-2.8223267
2013-06-16 14:00:00,3.2799911,2.4441757
2013-06-16 14:30:00,25.155006,18.088352
2013-06-16 15:00:00,41.668,40.641747
2013-06-16 15:30:00,62.986,61.27166
2013-06-16 16:00:00,76.45699,82.70868
2013-06-16 16:30:00,103.772995,98.73697
2013-06-16 17:00:00,119.49,130.18343
2013-06-16 17:30:00,164.02199,152.45634
2013-06-16 18:00:00,187.25002,184.17278
2013-06-16 18:30:00,189.463,186.87524
2013-06-16 19:00:00,195.40602,180.20511
2013-06-16 19:30:00,191.02501,180.56232
2013-06-16 20:00:00,182.231,176.07222
2013-06-16 20:30:00,170.175,168.51665
2013-06-16 21:00:00,152.143,157.9846
2013-06-16 21:30:00,139.215,142.01729
2013-06-16 22:00:00,124.482,129.05559
2013-06-16 22:30:00,116.48201,113.036
2013-06-16 23:00:00,105.54699,100.46114
2013-06-16 23:30:00,92.52199,88.73839
2013-06-17 00:00:00,72.256996,78.42765
2013-06-17 00:30:00,63.236,64.03581
2013-06-17 01:00:00,57.657997,57.25316
2013-06-17 01:30:00,54.200996,53.42028
2013-06-17 02:00:00,55.803997,52.206646
2013-06-17 02:30:00,51.006996,52.48173
2013-06-17 03:00:00,47.824997,49.577686
2013-06-17 03:30:00,50.879,47.706993
2013-06-17 04:00:00,52.203003,50.13857
2013-06-17 04:30:00,50.843998,51.899456
2013-06-17 05:00:00,50.658997,52.373436
2013-06-17 05:30:00,59.100998,54.88127
2013-06-17 06:00:00,64.585,66.65889
2013-06-17 06:30:00,86.81601,80.9152
2013-06-17 07:00:00,111.266,109.85879
2013-06-17 07:30:00,131.69499,130.0944
2013-06-17 08:00:00,131.55301,127.39682
2013-06-17 08:30:00,95.479996,107.855736
2013-06-17 09:00:00,72.121,68.05181
2013-06-17 09:30:00,55.864006,45.727783
2013-06-17 10:00:00,35.427,30.80769
2013-06-17 10:30:00,26.521011,17.825905
2013-06-17 11:00:00,14.7020035,16.787552
2013-06-17 11:30:00,11.324997,12.512886
2013-06-17 12:00:00,16.807,12.483284
2013-06-17 12:30:00,-0.5940094,20.071434
2013-06-17 13:00:00,3.2980042,8.654083
2013-06-17 13:30:00,20.262997,16.296131
2013-06-17 14:00:00,36.928,31.191734
2013-06-17 14:30:00,45.373,44.702305
2013-06-17 15:00:00,50.774,54.216072
2013-06-17 15:30:00,57.410004,64.867676
2013-06-17 16:00:00,74.008995,78.95616
2013-06-17 16:30:00,97.091,99.69676
2013-06-17 17:00:00,114.574,130.0686
2013-06-17 17:30:00,153.86198,158.44617
2013-06-17 18:00:00,180.42699,186.53812
2013-06-17 18:30:00,182.676,189.66693
2013-06-17 19:00:00,191.22401,181.22722
2013-06-17 19:30:00,167.171,182.66809
2013-06-17 20:00:00,165.957,165.0762
2013-06-17 20:30:00,160.08101,164.25925
2013-06-17 21:00:00,162.57301,157.2437
2013-06-17 21:30:00,152.05501,152.93152
2013-06-17 22:00:00,135.058,138.69101
2013-06-17 22:30:00,118.234,119.41932
2013-06-17 23:00:00,113.624,101.64375
2013-06-17 23:30:00,102.311,93.52931
2013-06-18 00:00:00,85.757996,83.76622
2013-06-18 00:30:00,73.87499,70.90902
2013-06-18 01:00:00,64.73801,61.864956
2013-06-18 01:30:00,61.439003,57.89471
2013-06-18 02:00:00,61.284,56.498985
2013-06-18 02:30:00,57.079,56.329514
2013-06-18 03:00:00,54.004,53.994675
2013-06-18 03:30:00,53.411,52.20745
2013-06-18 04:00:00,51.321,52.530952
2013-06-18 04:30:00,53.462,52.017868
2013-06-18 05:00:00,56.930996,54.201714
2013-06-18 05:30:00,62.225002,58.6584
2013-06-18 06:00:00,67.30101,68.54361
2013-06-18 06:30:00,83.013,82.90406
2013-06-18 07:00:00,108.671,107.238495
2013-06-18 07:30:00,133.069,129.10484
2013-06-18 08:00:00,126.583,129.0232
2013-06-18 08:30:00,89.009995,103.42067
2013-06-18 09:00:00,49.47701,62.518543
2013-06-18 09:30:00,14.520996,25.555683
2013-06-18 10:00:00,3.1290054,-3.7813187
2013-06-18 10:30:00,-15.596001,-12.900543
2013-06-18 11:00:00,-29.05201,-25.06224
2013-06-18 11:30:00,-37.100006,-34.124466
2013-06-18 12:00:00,-39.491997,-36.37269
2013-06-18 12:30:00,-42.632996,-36.639427
2013-06-18 13:00:00,-39.709003,-34.96134
2013-06-18 13:30:00,-31.224998,-29.044456
2013-06-18 14:00:00,-22.999004,-17.572975
2013-06-18 14:30:00,-6.8380013,-4.5669556
2013-06-18 15:00:00,9.185997,15.574917
2013-06-18 15:30:00,31.740002,36.622276
2013-06-18 16:00:00,58.374,59.887585
2013-06-18 16:30:00,81.964005,86.175476
2013-06-18 17:00:00,113.09199,114.36807
2013-06-18 17:30:00,153.865,153.65865
2013-06-18 18:00:00,177.56499,183.54953
2013-06-18 18:30:00,183.453,188.75044
2013-06-18 19:00:00,197.72101,183.43613
2013-06-18 19:30:00,192.434,188.52254
2013-06-18 20:00:00,182.16202,183.65524
2013-06-18 20:30:00,173.488,176.71869
2013-06-18 21:00:00,166.76498,168.47813
2013-06-18 21:30:00,155.987,158.52051
2013-06-18 22:00:00,142.18999,143.5138
2013-06-18 22:30:00,132.594,126.1481
2013-06-18 23:00:00,112.339,111.85032
2013-06-18 23:30:00,89.059006,92.72719
2013-06-19 00:00:00,79.621994,75.03534
2013-06-19 00:30:00,67.948,65.7411
2013-06-19 01:00:00,56.946,59.631496
2013-06-19 01:30:00,60.369,53.739193
2013-06-19 02:00:00,62.926,56.06543
2013-06-19 02:30:00,57.681,57.896553
2013-06-19 03:00:00,56.162994,54.723175
2013-06-19 03:30:00,55.680004,53.86748
2013-06-19 04:00:00,52.241005,54.392376
2013-06-19 04:30:00,53.850998,52.99251
2013-06-19 05:00:00,56.934002,54.87962
2013-06-19 05:30:00,60.608,59.03375
2013-06-19 06:00:00,74.609,67.692604
2013-06-19 06:30:00,89.088,89.774475
2013-06-19 07:00:00,113.963005,111.23593
2013-06-19 07:30:00,138.743,130.70767
2013-06-19 08:00:00,131.228,134.77385
2013-06-19 08:30:00,95.35399,112.06653
2013-06-19 09:00:00,75.719,72.52785
2013-06-19 09:30:00,60.198006,52.81246
2013-06-19 10:00:00,47.793,37.450882
2013-06-19 10:30:00,54.574,30.665466
2013-06-19 11:00:00,46.19701,37.185593
2013-06-19 11:30:00,18.310997,32.596733
2013-06-19 12:00:00,3.328003,16.07637
2013-06-19 12:30:00,-5.5510025,7.6581116
2013-06-19 13:00:00,23.556992,4.754837
2013-06-19 13:30:00,23.821003,29.127865
2013-06-19 14:00:00,23.23,27.728954
2013-06-19 14:30:00,36.024002,32.42479
2013-06-19 15:00:00,47.591995,46.672604
2013-06-19 15:30:00,61.354996,61.99447
2013-06-19 16:00:00,83.149994,80.552864
2013-06-19 16:30:00,97.929,103.516075
2013-06-19 17:00:00,122.781,129.23108
2013-06-19 17:30:00,160.759,166.17226
2013-06-19 18:00:00,192.76099,193.69588
2013-06-19 18:30:00,201.55199,202.74219
2013-06-19 19:00:00,205.567,197.80875
2013-06-19 19:30:00,195.329,195.85347
2013-06-19 20:00:00,188.635,188.12321
2013-06-19 20:30:00,188.94199,183.93488
2013-06-19 21:00:00,181.435,180.26604
2013-06-19 21:30:00,161.91699,169.63885
2013-06-19 22:00:00,142.826,149.64932
2013-06-19 22:30:00,123.208,127.8069
2013-06-19 23:00:00,111.988,107.0847
2013-06-19 23:30:00,94.534,93.79529
2013-06-20 00:00:00,90.831,78.43985
2013-06-20 00:30:00,76.002,74.07412
2013-06-20 01:00:00,64.761,65.5069
2013-06-20 01:30:00,63.05,58.784725
2013-06-20 02:00:00,65.66601,57.785557
2013-06-20 02:30:00,62.761,59.749557
2013-06-20 03:00:00,56.827995,58.31241
2013-06-20 03:30:00,56.655003,54.77681
2013-06-20 04:00:00,57.833996,55.158108
2013-06-20 04:30:00,58.850998,56.66604
2013-06-20 05:00:00,57.391,58.454254
2013-06-20 05:30:00,63.440002,59.544655
2013-06-20 06:00:00,75.309006,68.677536
2013-06-20 06:30:00,85.069,88.85483
2013-06-20 07:00:00,119.207,108.499176
2013-06-20 07:30:00,131.561,135.98433
2013-06-20 08:00:00,136.048,134.18019
2013-06-20 08:30:00,103.73999,116.86358
2013-06-20 09:00:00,78.47301,81.831116
2013-06-20 09:30:00,51.784996,56.47059
2013-06-20 10:00:00,33.053993,34.080296
2013-06-20 10:30:00,20.978008,19.3247
2013-06-20 11:00:00,16.06501,13.414619
2013-06-20 11:30:00,8.654999,11.129601
2013-06-20 12:00:00,7.758011,5.0448685
2013-06-20 12:30:00,12.151001,6.7007446
2013-06-20 13:00:00,24.712997,11.145309
2013-06-20 13:30:00,29.439995,21.370743
2013-06-20 14:00:00,36.715996,32.173187
2013-06-20 14:30:00,39.732,43.411167
2013-06-20 15:00:00,44.053,50.70759
2013-06-20 15:30:00,53.305,61.886642
2013-06-20 16:00:00,80.701996,76.51873
2013-06-20 16:30:00,99.573,103.25671
2013-06-20 17:00:00,138.526,130.29329
2013-06-20 17:30:00,163.465,176.60167
2013-06-20 18:00:00,200.34201,190.75528
2013-06-20 18:30:00,194.30002,205.30417
2013-06-20 19:00:00,194.645,190.82466
2013-06-20 19:30:00,190.52399,188.96294
2013-06-20 20:00:00,183.852,185.18094
2013-06-20 20:30:00,188.00002,179.12492
2013-06-20 21:00:00,181.854,178.21857
2013-06-20 21:30:00,163.626,168.84457
2013-06-20 22:00:00,137.26201,149.96164
2013-06-20 22:30:00,128.89,124.99043
2013-06-20 23:00:00,110.898,111.93104
2013-06-20 23:30:00,98.74401,94.192566
2013-06-21 00:00:00,89.99,81.9315
2013-06-21 00:30:00,79.323006,75.11257
2013-06-21 01:00:00,70.433,70.24648
2013-06-21 01:30:00,65.309006,62.546074
2013-06-21 02:00:00,62.539,59.756027
2013-06-21 02:30:00,59.792995,58.152256
2013-06-21 03:00:00,56.820004,56.743896
2013-06-21 03:30:00,57.515003,54.846775
2013-06-21 04:00:00,53.478,55.93387
2013-06-21 04:30:00,54.738,54.209652
2013-06-21 05:00:00,55.806,55.739803
2013-06-21 05:30:00,63.327,58.66571
2013-06-21 06:00:00,76.078,68.23803
2013-06-21 06:30:00,88.435005,88.38803
2013-06-21 07:00:00,112.23401,111.35549
2013-06-21 07:30:00,134.431,133.57916
2013-06-21 08:00:00,135.144,135.62862
2013-06-21 08:30:00,94.066,116.189255
2013-06-21 09:00:00,70.37599,74.2419
2013-06-21 09:30:00,57.334,51.21083
2013-06-21 10:00:00,29.264992,36.505867
2013-06-21 10:30:00,9.4640045,11.530281
2013-06-21 11:00:00,-5.078003,-0.9251251
2013-06-21 11:30:00,-11.993996,-5.4046326
2013-06-21 12:00:00,-12.433998,-10.357506
2013-06-21 12:30:00,4.1410065,-9.248154
2013-06-21 13:00:00,24.890999,7.975609
2013-06-21 13:30:00,15.973999,26.731651
2013-06-21 14:00:00,19.02,21.394005
2013-06-21 14:30:00,31.789001,27.951214
2013-06-21 15:00:00,32.586002,44.01138
2013-06-21 15:30:00,41.154995,54.173073
2013-06-21 16:00:00,57.897995,68.30574
2013-06-21 16:30:00,84.189995,88.4077
2013-06-21 17:00:00,120.90199,118.59126
2013-06-21 17:30:00,155.211,160.44527
2013-06-21 18:00:00,183.23299,183.84349
2013-06-21 18:30:00,191.58699,192.42026
2013-06-21 19:00:00,202.73898,188.14114
2013-06-21 19:30:00,195.581,191.497
2013-06-21 20:00:00,187.87599,185.05014
2013-06-21 20:30:00,181.57,179.74416
2013-06-21 21:00:00,181.79001,173.92429
2013-06-21 21:30:00,170.95898,170.18898
2013-06-21 22:00:00,147.396,156.76408
2013-06-21 22:30:00,138.42,132.93939
2013-06-21 23:00:00,131.758,119.01045
2013-06-21 23:30:00,117.69999,108.283005
2013-06-22 00:00:00,100.806,94.66573
2013-06-22 00:30:00,78.64101,81.62155
2013-06-22 01:00:00,68.05699,69.90105
2013-06-22 01:30:00,64.599,63.696705
2013-06-22 02:00:00,60.638,61.458206
2013-06-22 02:30:00,57.291,58.336487
2013-06-22 03:00:00,54.088,55.768097
2013-06-22 03:30:00,58.531,53.191677
2013-06-22 04:00:00,55.951,55.821392
2013-06-22 04:30:00,56.28,55.098045
2013-06-22 05:00:00,59.481,56.52093
2013-06-22 05:30:00,60.226,61.016075
2013-06-22 06:00:00,69.954,64.45286
2013-06-22 06:30:00,73.979996,76.04201
2013-06-22 07:00:00,93.114006,85.46035
2013-06-22 07:30:00,106.314,108.66074
2013-06-22 08:00:00,118.909996,117.59697
2013-06-22 08:30:00,121.65201,117.1772
2013-06-22 09:00:00,116.13501,107.026
2013-06-22 09:30:00,96.80299,92.68399
2013-06-22 10:00:00,97.065,74.80676
2013-06-22 10:30:00,90.10702,72.51899
2013-06-22 11:00:00,81.92401,74.680016
2013-06-22 11:30:00,76.54401,70.16806
2013-06-22 12:00:00,61.340004,67.97237
2013-06-22 12:30:00,57.107,58.243942
2013-06-22 13:00:00,40.89499,56.526714
2013-06-22 13:30:00,54.843,45.369415
2013-06-22 14:00:00,67.40201,61.97866
2013-06-22 14:30:00,70.955,72.474686
2013-06-22 15:00:00,88.201,79.18791
2013-06-22 15:30:00,99.26601,100.59813
2013-06-22 16:00:00,116.55801,116.9431
2013-06-22 16:30:00,131.91399,138.28293
2013-06-22 17:00:00,167.352,161.81339
2013-06-22 17:30:00,193.355,196.48404
2013-06-22 18:00:00,206.33302,208.53291
2013-06-22 18:30:00,200.087,208.96559
2013-06-22 19:00:00,205.123,196.99205
2013-06-22 19:30:00,201.48302,196.59108
2013-06-22 20:00:00,184.20001,190.61266
2013-06-22 20:30:00,176.72302,177.08693
2013-06-22 21:00:00,160.79,171.1485
2013-06-22 21:30:00,144.437,155.03993
2013-06-22 22:00:00,141.493,137.00783
2013-06-22 22:30:00,134.056,131.26495
2013-06-22 23:00:00,121.429,118.48216
2013-06-22 23:30:00,107.243,102.60768
2013-06-23 00:00:00,93.435,90.27628
2013-06-23 00:30:00,86.221,80.22321
2013-06-23 01:00:00,69.585,75.852165
2013-06-23 01:30:00,64.717995,64.55446
2013-06-23 02:00:00,58.238,61.6958
2013-06-23 02:30:00,57.559,57.38988
2013-06-23 03:00:00,59.259007,56.20618
2013-06-23 03:30:00,55.899006,57.65444
2013-06-23 04:00:00,57.885998,55.84234
2013-06-23 04:30:00,55.315,57.065052
2013-06-23 05:00:00,57.167995,57.085278
2013-06-23 05:30:00,58.670998,59.163406
2013-06-23 06:00:00,59.957,62.211235
2013-06-23 06:30:00,66.98401,66.47096
2013-06-23 07:00:00,77.77899,76.985054
2013-06-23 07:30:00,88.981,92.28618
2013-06-23 08:00:00,94.01799,103.24008
2013-06-23 08:30:00,104.883,104.34964
2013-06-23 09:00:00,109.34,110.43865
2013-06-23 09:30:00,113.499016,107.60115
2013-06-23 10:00:00,101.69599,106.62643
2013-06-23 10:30:00,79.50599,92.65973
2013-06-23 11:00:00,60.959995,67.25881
2013-06-23 11:30:00,52.158997,52.248672
2013-06-23 12:00:00,65.769,49.97222
2013-06-23 12:30:00,68.26999,61.629387
2013-06-23 13:00:00,93.103,68.014725
2013-06-23 13:30:00,103.786995,91.217804
2013-06-23 14:00:00,112.432,100.18259
2013-06-23 14:30:00,119.628,109.32518
2013-06-23 15:00:00,121.264,118.52167
2013-06-23 15:30:00,137.413,123.96134
2013-06-23 16:00:00,146.70601,141.33261
2013-06-23 16:30:00,154.17299,156.42046
2013-06-23 17:00:00,177.27101,175.79807
2013-06-23 17:30:00,189.93399,203.16092
2013-06-23 18:00:00,212.84099,209.09796
2013-06-23 18:30:00,214.67001,216.00098
2013-06-23 19:00:00,210.998,206.22185
2013-06-23 19:30:00,194.53801,198.68614
2013-06-23 20:00:00,188.194,185.47606
2013-06-23 20:30:00,189.169,179.41911
2013-06-23 21:00:00,170.734,176.49306
2013-06-23 21:30:00,169.509,157.61287
2013-06-23 22:00:00,152.64299,152.23311
2013-06-23 22:30:00,138.828,133.60544
2013-06-23 23:00:00,122.754005,116.653946
2013-06-23 23:30:00,116.743004,101.34081
2013-06-24 00:00:00,94.011,94.672356
2013-06-24 00:30:00,78.406,79.167145
2013-06-24 01:00:00,70.771,68.0748
2013-06-24 01:30:00,68.284,61.815857
2013-06-24 02:00:00,60.310997,62.02826
2013-06-24 02:30:00,57.188004,56.77021
2013-06-24 03:00:00,54.260998,54.08147
2013-06-24 03:30:00,52.048,52.465633
2013-06-24 04:00:00,51.665,51.304127
2013-06-24 04:30:00,53.017,51.88201
2013-06-24 05:00:00,53.764,54.434757
2013-06-24 05:30:00,60.822998,56.70879
2013-06-24 06:00:00,69.534004,65.456955
2013-06-24 06:30:00,93.23201,81.01372
2013-06-24 07:00:00,119.392,110.116455
2013-06-24 07:30:00,125.462006,133.70973
2013-06-24 08:00:00,134.28299,133.60526
2013-06-24 08:30:00,121.106,131.15254
2013-06-24 09:00:00,108.824005,110.87294
2013-06-24 09:30:00,90.234,95.947136
2013-06-24 10:00:00,65.623,79.78615
2013-06-24 10:30:00,55.253014,62.521908
2013-06-24 11:00:00,17.57901,56.54011
2013-06-24 11:30:00,-2.236,27.483444
2013-06-24 12:00:00,1.8210068,15.905609
2013-06-24 12:30:00,9.487999,21.220482
2013-06-24 13:00:00,25.533997,28.388645
2013-06-24 13:30:00,19.081997,43.538033
2013-06-24 14:00:00,22.115997,40.19577
2013-06-24 14:30:00,32.873,46.430634
2013-06-24 15:00:00,51.840004,56.519875
2013-06-24 15:30:00,64.478,73.141785
2013-06-24 16:00:00,88.68,88.689095
2013-06-24 16:30:00,115.19199,113.15201
2013-06-24 17:00:00,143.124,146.28716
2013-06-24 17:30:00,168.73499,179.19707
2013-06-24 18:00:00,193.85501,198.02785
2013-06-24 18:30:00,204.48802,204.10973
2013-06-24 19:00:00,207.214,200.71957
2013-06-24 19:30:00,188.63602,198.31743
2013-06-24 20:00:00,183.47801,184.41878
2013-06-24 20:30:00,184.442,179.92421
2013-06-24 21:00:00,172.909,176.44717
2013-06-24 21:30:00,167.15,162.51794
2013-06-24 22:00:00,157.57901,150.65852
2013-06-24 22:30:00,135.019,135.2068
2013-06-24 23:00:00,120.59599,112.44694
2013-06-24 23:30:00,107.58201,97.71053
2013-06-25 00:00:00,88.359,86.99331
2013-06-25 00:30:00,78.192,72.78118
2013-06-25 01:00:00,70.406,65.078026
2013-06-25 01:30:00,65.712006,62.160168
2013-06-25 02:00:00,62.355995,59.661575
2013-06-25 02:30:00,59.888996,57.232414
2013-06-25 03:00:00,53.166,55.61769
2013-06-25 03:30:00,53.022,51.33554
2013-06-25 04:00:00,51.492,51.690674
2013-06-25 04:30:00,51.281,51.810673
2013-06-25 05:00:00,56.052994,52.728607
2013-06-25 05:30:00,58.733997,57.512234
2013-06-25 06:00:00,71.136,64.444374
2013-06-25 06:30:00,87.242004,84.65379
2013-06-25 07:00:00,127.187996,109.29039
2013-06-25 07:30:00,142.416,140.37755
2013-06-25 08:00:00,132.00601,137.76758
2013-06-25 08:30:00,112.815,117.13589
2013-06-25 09:00:00,106.881,94.30235
2013-06-25 09:30:00,91.003,84.90637
2013-06-25 10:00:00,85.298996,70.12305
2013-06-25 10:30:00,88.75,64.20244
2013-06-25 11:00:00,78.75,69.65323
2013-06-25 11:30:00,66.190994,63.834682
2013-06-25 12:00:00,58.201992,56.79656
2013-06-25 12:30:00,57.046005,49.84782
2013-06-25 13:00:00,43.224995,52.383423
2013-06-25 13:30:00,29.972988,42.160988
2013-06-25 14:00:00,45.52999,35.46834
2013-06-25 14:30:00,41.945995,53.836258
2013-06-25 15:00:00,42.521,54.061745
2013-06-25 15:30:00,58.991005,64.00879
2013-06-25 16:00:00,82.252,81.8311
2013-06-25 16:30:00,100.316,106.369774
2013-06-25 17:00:00,135.258,134.04218
2013-06-25 17:30:00,174.57501,177.8982
2013-06-25 18:00:00,206.76,202.34724
2013-06-25 18:30:00,221.819,211.20894
2013-06-25 19:00:00,198.085,211.35329
2013-06-25 19:30:00,190.12701,192.82668
2013-06-25 20:00:00,197.551,189.15051
2013-06-25 20:30:00,193.503,192.66534
2013-06-25 21:00:00,185.248,184.08673
2013-06-25 21:30:00,175.196,172.60136
2013-06-25 22:00:00,160.26901,157.8397
2013-06-25 22:30:00,145.634,138.83636
2013-06-25 23:00:00,124.636,121.063
2013-06-25 23:30:00,108.874,101.04009
2013-06-26 00:00:00,84.23,87.90265
2013-06-26 00:30:00,66.62699,70.25463
2013-06-26 01:00:00,61.472996,60.0847
2013-06-26 01:30:00,62.217,58.0435
2013-06-26 02:00:00,56.941998,59.15545
2013-06-26 02:30:00,53.628998,55.776722
2013-06-26 03:00:00,48.845005,53.967606
2013-06-26 03:30:00,48.559002,51.142464
2013-06-26 04:00:00,46.554,51.471832
2013-06-26 04:30:00,53.683,51.16933
2013-06-26 05:00:00,52.828,56.05386
2013-06-26 05:30:00,60.202007,57.422527
2013-06-26 06:00:00,68.994,67.011284
2013-06-26 06:30:00,86.242004,83.42309
2013-06-26 07:00:00,101.604004,106.141075
2013-06-26 07:30:00,127.431,118.78404
2013-06-26 08:00:00,122.84499,129.87785
2013-06-26 08:30:00,96.615,112.93626
2013-06-26 09:00:00,78.393005,82.492645
2013-06-26 09:30:00,56.308006,65.736046
2013-06-26 10:00:00,46.077,44.740746
2013-06-26 10:30:00,38.497,38.86159
2013-06-26 11:00:00,30.019001,32.605705
2013-06-26 11:30:00,16.543999,26.64853
2013-06-26 12:00:00,19.694,17.923698
2013-06-26 12:30:00,15.748993,21.413467
2013-06-26 13:00:00,24.771992,20.770084
2013-06-26 13:30:00,30.481995,28.874798
2013-06-26 14:00:00,33.376,37.497406
2013-06-26 14:30:00,34.961,43.554462
2013-06-26 15:00:00,46.923,48.441498
2013-06-26 15:30:00,63.274,63.223717
2013-06-26 16:00:00,76.28999,81.501274
2013-06-26 16:30:00,91.85801,97.041405
2013-06-26 17:00:00,116.984,121.783875
2013-06-26 17:30:00,143.58899,156.32692
2013-06-26 18:00:00,167.67902,175.94643
2013-06-26 18:30:00,171.816,180.82518
2013-06-26 19:00:00,175.87099,173.35374
2013-06-26 19:30:00,171.501,171.42348
2013-06-26 20:00:00,168.843,166.64922
2013-06-26 20:30:00,153.291,164.44115
2013-06-26 21:00:00,143.755,150.64478
2013-06-26 21:30:00,137.405,140.10014
2013-06-26 22:00:00,126.752,129.72272
2013-06-26 22:30:00,120.502,114.06798
2013-06-26 23:00:00,111.159004,101.87885
2013-06-26 23:30:00,100.54401,89.76483
2013-06-27 00:00:00,84.05299,79.43782
2013-06-27 00:30:00,72.96399,68.65322
2013-06-27 01:00:00,60.595997,61.85039
2013-06-27 01:30:00,57.36,54.752106
2013-06-27 02:00:00,57.297005,53.133316
2013-06-27 02:30:00,54.237,53.594128
2013-06-27 03:00:00,51.136,52.1711
2013-06-27 03:30:00,53.686,50.412292
2013-06-27 04:00:00,52.267,51.95928
2013-06-27 04:30:00,55.265,51.70598
2013-06-27 05:00:00,54.072998,54.648727
2013-06-27 05:30:00,61.84,55.40774
2013-06-27 06:00:00,63.009,65.22032
2013-06-27 06:30:00,75.666,75.71985
2013-06-27 07:00:00,101.405,96.42942
2013-06-27 07:30:00,117.809006,116.22203
2013-06-27 08:00:00,116.36599,117.78849
2013-06-27 08:30:00,106.605995,103.53824
2013-06-27 09:00:00,87.73899,87.43943
2013-06-27 09:30:00,75.558,69.77011
2013-06-27 10:00:00,61.752007,61.438904
2013-06-27 10:30:00,48.942993,54.4651
2013-06-27 11:00:00,44.239002,45.34289
2013-06-27 11:30:00,41.914993,44.361664
2013-06-27 12:00:00,45.478,39.923386
2013-06-27 12:30:00,43.184006,43.75199
2013-06-27 13:00:00,46.634003,43.339005
2013-06-27 13:30:00,53.317997,47.08582
2013-06-27 14:00:00,45.875004,54.705177
2013-06-27 14:30:00,54.774002,51.76332
2013-06-27 15:00:00,61.253998,62.619846
2013-06-27 15:30:00,72.328,71.285255
2013-06-27 16:00:00,78.648994,84.22668
2013-06-27 16:30:00,86.172,96.686325
2013-06-27 17:00:00,112.947,114.269035
2013-06-27 17:30:00,145.154,147.35188
2013-06-27 18:00:00,161.778,169.18385
2013-06-27 18:30:00,162.054,170.00192
2013-06-27 19:00:00,157.65599,161.72246
2013-06-27 19:30:00,154.041,155.23734
2013-06-27 20:00:00,150.16301,151.4518
2013-06-27 20:30:00,150.447,147.94621
2013-06-27 21:00:00,146.54001,145.35529
2013-06-27 21:30:00,135.619,138.76881
2013-06-27 22:00:00,121.93199,125.99788
2013-06-27 22:30:00,124.454994,110.705765
2013-06-27 23:00:00,109.991005,104.99798
2013-06-27 23:30:00,95.231,89.81334
2013-06-28 00:00:00,82.924995,78.11052
2013-06-28 00:30:00,71.36,69.43544
2013-06-28 01:00:00,63.085995,62.996883
2013-06-28 01:30:00,57.325996,56.35683
2013-06-28 02:00:00,53.182003,53.361217
2013-06-28 02:30:00,51.240997,51.080135
2013-06-28 03:00:00,46.017002,50.24208
2013-06-28 03:30:00,48.247997,47.53679
2013-06-28 04:00:00,46.170002,48.520634
2013-06-28 04:30:00,47.139,47.76796
2013-06-28 05:00:00,50.579998,48.40165
2013-06-28 05:30:00,58.779995,52.608513
2013-06-28 06:00:00,61.264996,62.46878
2013-06-28 06:30:00,72.256996,72.94825
2013-06-28 07:00:00,96.105,91.7324
2013-06-28 07:30:00,116.565994,112.94885
2013-06-28 08:00:00,125.912,118.69156
2013-06-28 08:30:00,105.776,112.871254
2013-06-28 09:00:00,93.61,87.384796
2013-06-28 09:30:00,71.28,74.97287
2013-06-28 10:00:00,69.05299,57.393333
2013-06-28 10:30:00,62.513996,53.195908
2013-06-28 11:00:00,64.17801,54.009193
2013-06-28 11:30:00,48.057,58.71271
2013-06-28 12:00:00,37.805,46.020046
2013-06-28 12:30:00,52.57,39.21803
2013-06-28 13:00:00,52.868996,56.28604
2013-06-28 13:30:00,62.697994,57.663666
2013-06-28 14:00:00,74.78899,66.6956
2013-06-28 14:30:00,71.114,74.5318
2013-06-28 15:00:00,76.076004,75.232285
2013-06-28 15:30:00,79.33899,82.311874
2013-06-28 16:00:00,91.51601,91.507164
2013-06-28 16:30:00,112.04501,109.02005
2013-06-28 17:00:00,130.717,138.77388
2013-06-28 17:30:00,155.445,164.67741
2013-06-28 18:00:00,178.656,178.33339
2013-06-28 18:30:00,177.349,181.48087
2013-06-28 19:00:00,179.435,172.02017
2013-06-28 19:30:00,168.806,170.54807
2013-06-28 20:00:00,158.985,162.46812
2013-06-28 20:30:00,158.11198,155.54951
2013-06-28 21:00:00,153.917,153.38097
2013-06-28 21:30:00,144.513,145.91605
2013-06-28 22:00:00,136.198,133.2968
2013-06-28 22:30:00,127.27,122.00055
2013-06-28 23:00:00,117.81401,109.13745
2013-06-28 23:30:00,108.669014,97.08423
2013-06-29 00:00:00,94.65401,87.52678
2013-06-29 00:30:00,86.575,77.69023
2013-06-29 01:00:00,75.288,73.616
2013-06-29 01:30:00,72.675995,67.14383
2013-06-29 02:00:00,64.384,64.82706
2013-06-29 02:30:00,58.289997,59.142296
2013-06-29 03:00:00,56.795,54.612305
2013-06-29 03:30:00,55.437004,53.43761
2013-06-29 04:00:00,53.217003,52.44566
2013-06-29 04:30:00,54.435,51.231792
2013-06-29 05:00:00,55.751995,52.421024
2013-06-29 05:30:00,60.239994,54.602108
2013-06-29 06:00:00,63.906002,59.99023
2013-06-29 06:30:00,65.229996,67.08399
2013-06-29 07:00:00,69.845,74.04398
2013-06-29 07:30:00,78.915,84.7438
2013-06-29 08:00:00,89.93001,97.098335
2013-06-29 08:30:00,99.132996,103.47208
2013-06-29 09:00:00,103.58999,103.364365
2013-06-29 09:30:00,104.73001,102.91884
2013-06-29 10:00:00,100.28,103.46469
2013-06-29 10:30:00,99.92301,98.32081
2013-06-29 11:00:00,103.276,98.439354
2013-06-29 11:30:00,100.984,102.92262
2013-06-29 12:00:00,88.095,102.29555
2013-06-29 12:30:00,86.25198,96.3559
2013-06-29 13:00:00,87.75101,95.08628
2013-06-29 13:30:00,85.842,97.26607
2013-06-29 14:00:00,86.226,96.46145
2013-06-29 14:30:00,95.53099,98.46138
2013-06-29 15:00:00,107.78,105.52933
2013-06-29 15:30:00,105.11599,115.58172
2013-06-29 16:00:00,118.468,118.941986
2013-06-29 16:30:00,129.30101,137.22662
2013-06-29 17:00:00,139.967,155.74321
2013-06-29 17:30:00,162.075,170.58072
2013-06-29 18:00:00,184.779,182.2704
2013-06-29 18:30:00,174.463,187.59294
2013-06-29 19:00:00,164.946,171.62376
2013-06-29 19:30:00,160.07002,163.13661
2013-06-29 20:00:00,151.701,158.35272
2013-06-29 20:30:00,153.503,150.36131
2013-06-29 21:00:00,141.40399,149.73288
2013-06-29 21:30:00,127.226006,135.49272
2013-06-29 22:00:00,130.806,120.928246
2013-06-29 22:30:00,119.51999,119.91242
2013-06-29 23:00:00,116.72201,104.48348
2013-06-29 23:30:00,112.30299,96.85301
2013-06-30 00:00:00,96.97299,91.47424
2013-06-30 00:30:00,77.155,80.71061
2013-06-30 01:00:00,69.476,68.27699
2013-06-30 01:30:00,68.023,61.912598
2013-06-30 02:00:00,64.878,61.585373
2013-06-30 02:30:00,59.401,59.22809
2013-06-30 03:00:00,55.509,55.636604
2013-06-30 03:30:00,52.38,52.802982
2013-06-30 04:00:00,48.738003,51.03744
2013-06-30 04:30:00,49.42,49.017506
2013-06-30 05:00:00,54.694996,49.737755
2013-06-30 05:30:00,56.122,54.18279
2013-06-30 06:00:00,57.194004,57.372032
2013-06-30 06:30:00,59.102,61.60242
2013-06-30 07:00:00,72.21,68.757225
2013-06-30 07:30:00,81.53599,85.492966
2013-06-30 08:00:00,87.236,96.64489
2013-06-30 08:30:00,104.32,101.45011
2013-06-30 09:00:00,119.18099,106.89014
2013-06-30 09:30:00,113.15901,112.50827
2013-06-30 10:00:00,97.61801,102.901344
2013-06-30 10:30:00,71.795,85.798904
2013-06-30 11:00:00,69.021,66.87215
2013-06-30 11:30:00,81.490005,69.95166
2013-06-30 12:00:00,77.115,81.04033
2013-06-30 12:30:00,74.722,76.08862
2013-06-30 13:00:00,68.55,75.94685
2013-06-30 13:30:00,71.263,72.384
2013-06-30 14:00:00,82.078995,77.86014
2013-06-30 14:30:00,91.685,87.0415
2013-06-30 15:00:00,90.783,96.84703
2013-06-30 15:30:00,104.433,100.60739
2013-06-30 16:00:00,116.1,117.14007
2013-06-30 16:30:00,124.616,132.80568
2013-06-30 17:00:00,143.911,152.423
2013-06-30 17:30:00,169.113,177.53302
2013-06-30 18:00:00,187.037,191.98
2013-06-30 18:30:00,186.421,193.82706
2013-06-30 19:00:00,176.161,183.54045
2013-06-30 19:30:00,157.596,171.95468
2013-06-30 20:00:00,157.97,157.22993
2013-06-30 20:30:00,152.97499,155.4743
2013-06-30 21:00:00,148.51001,148.48943
2013-06-30 21:30:00,134.22398,140.36295
2013-06-30 22:00:00,129.816,125.43657
2013-06-30 22:30:00,122.185,116.84635
2013-06-30 23:00:00,114.230995,104.55326
2013-06-30 23:30:00,100.773994,94.00326
2013-07-01 00:00:00,91.685,83.91373
